1.1,boy25cm深蓝金荔枝皮 20开 热殿已查码,17500,4800,7311,24 21.04,2024,20021459,,
2.01,cf 小v纹季节款红金羊21开 仙石已查码,7700,2480,5270,24 12.09,2024,21764890,,
2.01,boy25cm黑金荔枝皮 28开有卡两个尘袋美库阿琪已查码,25500,6100,6485,24 27.02,2024,28984722,,
2.01,boy28cm黑金羊 20开有卡 pan已查码,15200,4400,7714,24 12.05,2024,20427187,,
2.01,cf中号玫红银羊 19开有卡 尘袋 闲鱼卖货验货宝 hubby,19109,4880,6248,24 26.02,2024,19675566,,
2.01,boy25cm 大格番茄红银牛18开卡票 闲鱼大白兔验货宝 hubby,8079,2800,6122,24 29.03,2024,18886629,温州 24.03.26✔️ 12个,24过年拿回07，已回来
2.01,boy30cm大格黑银羊 18开 邹泰文已查码,9500,2990,5821,24 03.03,2024,18281885,,
2.01,boy25cm黑金荔枝皮 30开有卡票盒尘袋 邹泰文已查码,25500,6350,7961,24 17.02,2024,30845936,,
2.01,cf 中号有孔季节款银银羊 20开有卡 邹泰文查码,11500,3180,4928,24 01.05,2024,20752717,,
2.01,季节款相机包黑金牛 23开 邹泰文,10000,2900,5416,24 25.08,2024,23126381,,
2.01,boy25cm深绿金荔枝皮 30开尘袋 邹泰文已查码,18000,4750,7005,24 18.03,2024,30310065,,
4.01,cf 大mini漆皮v纹金限量款 25开有卡票 kiki已查码,8000,2900,6674,24 08.02,2024,,,
4.01,boy25cm樱花粉金荔枝皮 29开有卡尘袋 邹泰文已查码,18000,5700,11698,24 01.02,2024,29790924,,
4.01,boy25cm深粉金荔枝皮 25开有卡 邹泰文已查码,17500,4650,6571,24 08.02,2024,,,
4.01,cf有空季节款红银羊11开 栗子已查码,6500,2500,6214,24 05.03,2024,11253116,,
4.01,boy28cm v纹黑银荔枝皮 24开有卡尘袋 奢收多同行已查码,20000,5418,8491,24 23.03,2024,24414464,温州 24.03.15✔️12个,24过年拿回06，已回来
4.01,cf jumbo漆皮杏色 15开有卡 奢收多同行已查码,6500,2600,6864,24 12.06,2024,15446020,,
4.01,pst杏棕 11开 闲鱼清包柜,7479,2400,4539,24 06.02,2024,,,
4.01,boy25cm v纹深蓝荔枝皮 26开尘袋 闲鱼洁士验货宝,20109,5480,8406,24 29.01,2024,26079583,,
4.01,cf中号橙红银荔枝皮 14开 闲鱼奢侈品验货宝,16909,5300,10849,24 26.03,2024,,,
5.01,boy25cm黑银羊 16开 奢收多同行,14000,4100,7390,24 05.08,2024,16270454,24过年拿回05，已回来,温州 24.03.17✔️ 19个
5.01,cf季节款中号v纹红金羊21开 闲鱼二奢验货宝 hubby,6579,2580,6723,24 18.05,2024,21770744,,
6.01,cf大mini 黑金块状皮 21开 四喜已查码,12000,4200,9803,24 23.02,2024,21991369,,
8.01,boy25cm深绿金荔枝皮19开 闲鱼底特律验货宝 hubby,14109,4330,8617,24 21.11,2024,19717260,,
8.01,cf季节款小号v纹黑金羊 21开有卡闲鱼瓦杜兹验货宝 hubby,12109,3700,6937,24 18.02,2024,21918556,,
8.01,cf方胖黑银羊 13开有卡 fun+ hubby已查码,19000,5300,8752,24 19.02,2024,13723652,,
8.01,cf中号Tiffany蓝银羊 20开有卡 霜序hubby已查码,18000,4990,8057,24 10.03,2024,20519326,,
9.01,cf 季节款大mini 绿荔枝皮 24开有卡 邹泰文已查码,12500,3875,7362,24 16.02,2024,24226427,,
9.01,boy25cm 红拼黑羊 21开有卡票 邹泰文已查码,7500,2500,5290,24 07.03,2024,21903177,,
9.01,boy25cm 黑金羊 21开有卡尘袋 邹泰文已查码,16500,4600,7603,24 10.05,2024,21824776,,
9.01,cf中号黑金荔枝皮 19开 邹泰文已查码,27000,7318,11730,24 21.03,2024,19060210,,
9.01,boy25cm 黑银羊 16开有卡 邹泰文已查码,15000,4500,8235,24 29.02,2024,16266856,,
9.01,cf jumbo 黑金羊单盖 14开 邹泰文已查码,15500,4300,6704,24 04.03,2024,14049796,,
10.01,古巴包 黑荔枝皮彩色链条包 23开 毛毛已查码,8030,3500,10033,24 27.02,2024,23479865,,
10.01,cf 季节款红银28cm荔枝皮 17开有卡 四喜已查码,8300,2800,6174,24 17.02,2024,17670227,,
11.01,boy25cm黑金荔枝皮 27开有卡 邹泰文已查码,25500,6100,6576,24 23.03,2024,27174386,,
11.01,cf jumbo 黑银荔枝皮 13开有卡尘袋 邹泰文已查码,18500,5200,8918,24 09.03,2024,13565955,,
11.01,boy25cm黑银牛皮 25开有卡票尘袋 邹泰文已查码,19000,4818,6243,24 01.06,2024,25334261,,
11.01,cf 季节款红银33cm荔枝皮 20开 邹泰文已查码,8200,2818,6210,24 07.02,2024,20118814,,
11.01,cf中号粉金羊 19开有卡 闲鱼猪猪验货宝hubby,14109,4518,9062,24 06.02,2024,19203574,,
11.01,boy25cm黑银羊 23开 阿芬已查码,13000,4500,10415,24 09.03,2024,23098073,,
11.01,boy20cm 黑银漆皮 19开奢收多可可已查码,7000,2800,7412,24 09.03,2024,19384540,,
11.01,cf中号雾霾蓝26开卡尘袋盒子 奢收多可可已查码,22000,5750,8182,24 05.03,2024,26245830,,
11.01,boy25cm 深蓝金荔枝皮26开 闲鱼小丸子验货宝已查码,18121,5518,10603,24 17.02,2024,26184231,,
12.01,boy25cm 深蓝银牛皮 20开尘袋 大表哥已查码,12530,4168,9404,24 10.04,2024,20569581,,
12.01,boy28cm 黑金荔枝皮 23开尘袋 大表哥已查码,18000,5468,10884,24 16.03,2024,23877152,,
13.01,cf季节款mini v纹黑金羊 20开有卡尘袋闲鱼漆漆验货宝 hubby,10109,3718,9184,24 27.03,2024,20733445,,
15.01,cf jumbo黑银羊 14开双盖 邹泰文已查码,16500,4974,9438,24 02.03,2024,14995600,,
15.01,cf 中号黑银荔枝皮 13开有卡 邹泰文已查码,25500,6850,10321,24 18.02,2024,13272774,,
15.01,boy20cm 深粉金荔枝皮 30开有卡票尘袋盒子 澳门站已查码,15000,4500,8468,24 20.02,2024,30386828,,
15.01,cf中号杏色金羊 15开有卡尘袋 驿静已查码,17000,4580,6608,24 13.06,2024,15830555,4.25香港拿回06，已回来,温州 24.06.09✔️25个/5月21日出货
16.01,boy28cm Tiffany蓝银羊19开有卡 闲鱼包包达人hubby,10800,3300,6211,24 26.03,2024,19736428,,
17.01,coco handle红金荔枝皮 28开有卡 陈真已查码,16500,4700,7946,24 31.03,2024,28236748,,
18.01,中号相机包黑金荔枝皮 27开有卡尘袋 bobo已查码,17000,4600,6742,24 17.02,2024,27954041,,
18.01,boy25cm 雾霾蓝金牛v纹 25开有卡尘袋 linda已查码,16050,4300,6548,24 16.03,2024,25530191,,
18.01,漆皮大logo翻盖woc黑漆皮 13开有卡 邹泰文已查码,3500,1280,2973,24 26.02,2024,13133357,,
18.01,boy25cm 黑银羊v纹 24开 邹泰文已查码,16000,4500,7571,24 23.03,2024,24922768,,
18.01,boy25cm 肉粉金荔枝皮v纹 25开有卡 邹泰文已查码,19000,4990,7302,24 15.03,2024,25587304,,
18.01,cf jumbo黑金荔枝皮单盖 13开 邹泰文已查码,19000,5518,10136,24 18.03,2024,13234428,,
18.01,boy25cm 黑金荔枝皮 26开有卡 邹泰文已查码,24000,6100,8000,24 28.04,2024,26309101,,
18.01,boy25cm 深蓝金荔枝皮 27开有卡全套 邹泰文已查码,18000,5800,12666,24 20.03,2024,27448551,,
18.01,boy25cm 黑银羊皮 18开 邹泰文,13000,4080,8679,24 19.09,2024,18459918,,
"19,01",cf 大mini v纹全黑 21开有卡 闲鱼金木 验货宝已查码,17909,4600,6225,24 18.03,2024,21221671,,
"19,02",中号相机包蓝黑金荔枝皮 尘袋 闲鱼eccen 验货宝,14109,3650,5034,24 06.10,2024,24869942,,
20.01,boy25cm 杏色金荔枝皮 23开有卡 薇薇安已查码,18500,4918,7291,24 06.02,2024,23903907,,
21.01,boy25cm 古铜色幻彩牛皮 20开有卡 vv已查码,11000,4200,10650,24 28.04,2024,,,
21.01,cf季节款薄荷绿金羊 粗链全套29开有卡 闲鱼包子 hubby,18200,4700,6557,24 04.04,2024,29037551,,
22.01,流浪小号幻彩杏粉 27开有卡尘袋 闲鱼美奢已查码,11000,3500,7110,24 26.05,2024,27570786,,
22.01,boy25cm 黑金荔枝皮 23开有卡尘袋 闲鱼小吃货验货宝已查码,23139,6000,8220,24 18.04,2024,23446955,,
22.01,中号相机包黑金荔枝皮 26卡有卡 岳豪已查码,17300,4500,6304,24 17.03,2024,26180571,,
22.01,cf中号橄榄绿银荔枝皮 14开 邹泰文已查码,18000,4990,8311,24 16.03,2024,14863874,,
22.01,翻盖季节款深蓝羊 22开有卡 邹泰文已查码,8200,2580,5026,24 09.03,2024,22194385,,
22.01,boy25cm 黑银羊 v纹 26开有卡 邹泰文已查码,17000,4690,7535,24 16.05,2024,26058019,,
22.01,boy25cm 深蓝金荔枝皮 v纹 25开 邹泰文已查码,16000,4818,9336,24 24.03,2024,25252232,,
22.01,限量徽章款cf有孔深灰 20开 邹泰文,10000,2900,5175,25 02.01,2025,20749877,,
22.01,boy25cm 深粉金荔枝皮 23开有卡票 邹泰文已查码,16000,4800,9051,24 30.03,2024,23619808,,
22.01,翻盖腋下包红银羊 15开 邹泰文已查码,6000,2200,5831,24 03.04,2024,15312872,,
22.01,boy25cm 黑银荔枝皮 27开有卡 邹泰文已查码,25000,5990,6436,24 29.03,2024,27203381,,
22.01,boy25cm 白金荔枝皮 27开 邹泰文已查码,16500,4700,8027,24 10.06,2024,27204323,,
22.01,boy25cm 白金荔枝皮 27开 邹泰文已查码,16500,4668,7657,24 17.04,2024,27593024,,
23.01,boy20cm玫红金羊23开有卡票尘袋 闲鱼快乐 hubby,12000,3800,7688,24 31.03,2024,,,
23.01,季节款翻盖深灰牛皮 18开有卡票 奢收多可可已查码,7000,2800,7672,24 11.03,2024,18373284,,
23.01,cf jumbo 黑金荔枝皮双盖15开 奢收多可可已查码,22500,6230,10579,24 17.03,2024,15744795,,
23.01,古巴湖蓝荔枝皮 23开 奢收多可可已查码,9000,3100,6968,24 02.05,2024,23586029,,
23.01,限量徽章款cf有孔深灰 20开有卡 奢收多可可,11000,2850,3948,24 25.12,2024,20652304,,
23.01,金拼黑翻盖季节款 23开 奢收多可可已查码,5500,2218,6017,24 14.03,2024,23561915,,
23.01,季节款翻盖外缝线牛皮 19开 奢收多可可已查码,6000,2168,5007,24 19.04,2024,19326856,,
23.01,中号相机包黑金荔枝皮 26开有卡钥匙锁 闲鱼林林子 hubby,16500,4500,7031,24 19.03,2024,26423841,,
25.01,cf 大mini 红金羊 17开有卡 1号站已查码,14000,3800,5998,24 31.07,2024,17983096,,
25.01,cf中号深海银荔枝皮 24开有卡 闲鱼公主 hubby商家已查码,32000,8900,14875,24 11.04,2024,24625044,,
27.01,方胖银银荔枝皮v纹 22开尘袋 ai济南 hubby,18000,5500,11133,24 10.12,2024,22620295,,
28.01,boy25cm 黑金荔枝皮v纹 26开有卡 邹泰文已查码,22000,5800,8674,24 31.03,2024,26192810,,
28.01,cf 中号黑金荔枝皮 22开有卡 邹泰文已查码,35000,8500,10039,24 08.03,2024,22327787,,
28.01,流浪小号黑白拼 23开有卡 邹泰文已查码,10000,3280,7024,24 25.03,2024,23790100,,
28.01,cf 中号黑银荔枝皮 13开黑内盖尘袋 邹泰文已查码,25000,6900,11594,24 21.03,2024,13998949,,
28.01,中号相机包蓝黑拼荔枝皮 26开邹泰文已查码,13500,4268,8665,24 09.03,2024,26176988,,
28.01,中号相机包蓝黑拼荔枝皮 26开钥匙锁少个吊牌 闲鱼有点 hubby验货宝,13609,3400,4440,25 14.05,2025,26542505,,
29.01,翻盖季节款红银荔枝皮 15开 西禾 hubby已查码,8000,2788,6102,24 19.04,2024,15681716,,
30.01,cf 中号黑金荔枝皮 18开 邹泰文已查码,33000,7668,7495,24 04.04,2024,18670651,,
30.01,boy25cm 黑金荔枝皮 28开有卡票尘袋盒子 邹泰文已查码,25000,6518,9463,24 06.04,2024,28055553,,
30.01,篮子 白金牛 肩带28开 邹泰文已查码,9000,3100,6928,24 14.04,2024,28121408,,
30.01,woc季节款深粉漆皮 17开有卡 邹泰文已查码,3600,1200,2428,24 11.03,2024,17599546,,
30.01,2.55香槟金羊 12开有卡 闲鱼饼干验货宝 hubby,7579,3063,8121,24 17.06,2024,12964134,,
30.01,jumbo 黑金荔枝皮单盖12开 众奢 已查码,17000,5618,12520,24 25.03,2024,12828365,,
31.01,方胖杏色银漆皮 希泰hubby,6000,2450,6672,24 15.07,2024,,,
31.01,jumbo深蓝银荔枝皮 18开有卡 zx hubby镭射烂,10500,3932,9847,24 17.06,2024,18943626,,
1.02,cf中号 蓝绿银荔枝皮 20开有卡尘袋 闲鱼五月验货宝hubby,27609,6700,7740,24 26.03,2024,20507249,,
5.02,方胖红银羊 27开有卡票尘袋 闻奢汇hubby已查码,15000,3990,5747,24 05.04,2024,27144144,,
18.02,boy25cm薄荷绿金牛 25开有卡 闲鱼比格已查码,13000,4200,8788,24 11.05,2024,25072577,,
18.02,boy25cm深蓝银荔枝皮 28开 闲鱼比格已查码,17500,4918,8135,24 12.04,2024,28281615,,
18.02,boy25cm黑金荔枝皮 23开有卡 闲鱼比格已查码,24000,6100,7781,24 26.04,2024,23930149,,
18.02,boy25cm浅绿银荔枝皮 25开 闲鱼多梦 验货宝已查码,15809,4600,8303,24 05.04,2024,25156386,,
18.02,cf中号黑银荔枝皮 13开 闲鱼本公司验货宝hubby,27609,7500,11989,24 22.03,2024,13822103,,
20.02,boy20cm深蓝银牛 26开有卡 vvv已查码,14500,3900,5672,24 29.03,2024,26419944,,
22.02,戴安娜 黑金羊 1开有卡 闲鱼石堡 验货宝,12609,4008,8426,24 24.03,2024,,,
26.02,jumbo黑银羊 单盖 12开 阳光已查码,13500,4180,8465,24 22.03,2024,12089847,,
26.02,大mini深粉银羊 19开 万物已查码,13030,4200,8962,24 04.04,2024,19714498,,
26.02,cf v纹季节款金币款中号黑 21开 质库 已查码,10500,3541,8005,24 05.06,2024,21893381,,
26.02,boy25cm 深蓝金荔枝皮 26开 闲鱼小草莓验货宝hubby,16309,5418,12172,24 24.03,2024,26690975,,
26.02,方胖银白荔枝皮 24开有卡 闲鱼西晋hubby,22000,5600,7627,24 17.07,2024,,,
26.02,翻盖蓝银荔枝皮 15开 A超hubby,8500,2918,6716,24 07.04,2024,15713158,,
27.02,cf大mini粗链 玫红金羊 29开有卡尘袋 闲鱼爱吃hubby已查码,15000,4500,8486,24 05.04,2024,29261527,,
27.02,翻盖季节款深蓝银荔枝皮 23开有卡尘袋盒子 炎已查码,10000,3180,6760,24 07.04,2024,23584018,,
27.02,v纹方胖 黑银羊 24开有卡尘袋 炎已查码,20000,5480,8811,24 09.04,2024,24221183,,
27.02,方胖黑金羊字母珍珠链条 29开有卡票尘袋盒子 闲鱼比格,20200,4960,6181,25 27.01,2025,,,
27.02,woc黑金羊 大logo 28开有卡尘袋票 超已查码,9000,2880,5768,24 29.03,2024,28105031,,
27.02,cf拉链款深蓝银荔枝皮 18开有卡尘袋盒子 valley已查码,10030,3200,6692,24 22.04,2024,18244552,,
27.02,jumbo黑金荔枝皮 单盖13开 尘袋 小牛已查码,20000,5550,9340,24 05.04,2024,13948787,,
27.02,jumbo黑金荔枝皮 双盖16开 尘袋 小牛已查码,24000,5900,6954,24 03.05,2024,16847487,ig may_vyee,
28.02,大mini v纹季节款 黑银羊24开有卡尘袋 闲鱼涯石街验货宝已查码,17109,4200,4734,24 29.03,2024,24710448,,
28.02,翻盖季节福浮雕款黑银羊 19开 武汉已查码,9230,2800,5111,24 29.04,2024,19089992,,
28.02,boy25cm 深蓝绿金荔枝皮 20开票 尘袋盒子 奢慧已查码,17500,4800,7571,24 20.04,2024,20018157,,
28.02,翻盖米银荔枝皮 闲鱼24开 多梦验货宝hubby,9079,3100,6915,24 08.05,2024,24733788,,
29.02,28cm季节款翻盖黑银羊 23开有卡 邹泰文,12000,2980,3781,24 11.09,2024,23809382,,
29.02,季节款v纹翻盖银银羊 24开有卡 邹泰文已查码,11500,3180,4979,24 09.04,2024,24789299,,
29.02,jumbo 黑银羊单盖13开 邹泰文已查码,12000,3900,8320,24 14.05,2024,13863659,,
29.02,cf中号 情人节款红金羊14开有卡 邹泰文已查码,11000,3000,4658,24 20.05,2024,14279718,,
29.02,boy25cm桃粉银牛v纹 26开有卡 邹泰文已查码,15000,4218,7073,24 10.04,2024,26649179,,
29.02,流浪小号 粉人鱼姬 27开 闲鱼独爱验货宝hubby,10697,3200,5798,24 01.06,2024,27570913,,
1.03,cf中号黑银荔枝皮14开有卡 大表哥 已查码,29000,7800,12187,24 25.03,2024,14878201,,
1.03,cf jumbo黑金荔枝皮16开 大表哥已查码,26000,6500,7866,24 14.04,2024,16705526,,
3.03,boy25cm v纹黑银牛 20开有卡 闲鱼有闲验货宝,17709,4600,6024,24 22.04,2024,20879569,,
4.03,流浪小号金色 23开有卡 邹泰文,8500,2825,6100,24 08.12,2024,23661300,,
4.03,cf中号黑金羊 19开 邹泰文已查码,22500,6000,8989,24 29.03,2024,19701337,,
4.03,粗链黑金羊 29开 邹泰文已查码,17500,4800,7579,24 04.05,2024,29172184,,
4.03,boy25cm 桃粉金牛 26开有卡尘袋盒子 邹泰文已查码,15500,4200,6380,24 28.04,2024,26718620,,
4.03,季节翻盖大方胖 红银羊 21开 邹泰文,8200,2768,6199,24 06.07,2024,21937239,,
4.03,桃粉腋下包磨砂荔枝皮 19开 邹泰文已查码,6000,2300,5825,24 24.06,2024,,,
4.03,cf中号 v纹红金荔枝皮 24开有卡 小牛已查码,20500,5800,9835,24 31.03,2024,24272883,,
4.03,cf小号v纹棕金羊 20开 闲鱼helen 验货宝,11429,3680,7754,24 27.03,2024,20295368,,
4.03,cf小号黑金羊12开 闲鱼用户_363 验货宝hubby,10078,5150,16847,24 04.06,2024,12142585,,
6.03,boy 28cm v纹灰银牛 20开有卡 南木hubby已查码,11000,3800,8878,24 28.05,2024,20020656,,
6.03,trendy 深粉金羊 25cm 闲鱼朱丽叶已查码,14800,4168,6844,24 15.04,2024,28868458,,
6.03,affinity中号邮差黑金荔枝皮 27开有卡尘袋 闲鱼吴收收 验货宝,21139,5918,9689,24 17.04,2024,27454225,,
6.03,boy28cm小v纹深蓝银羊 20开 dia已查码,10500,3200,6005,24 25.11,2024,20795445,,
6.03,boy25cm 浅杏色金荔枝皮v纹 30开有卡 静已查码,16500,5235,10846,24 07.04,2024,30226086,,
8.03,cf中号黑银荔枝皮 13开黑盖 闲鱼展兔验货宝,25909,7218,11747,24 17.04,2024,13098796,,
8.03,cf jumbo黑金荔枝皮全套 23开有卡 闲鱼回收验货宝,30149,8300,13600,24 14.05,2024,23459378,,
8.03,cf 大mini褶皱款银银羊 21开 乾羽,9500,2600,4625,25 04.05,2025,21897924,,
8.03,cf中号黑银羊 21开有卡票尘袋 宝哥已查码,24800,6300,8282,24 28.03,2024,21594521,,
8.03,cf 大mini季节款杏色银荔枝皮24开 闲鱼流星hubby,10023,3200,6500,24 10.04,2024,,,
9.03,cf小号黑金羊 15开 溜溜莓 商家已查码,19700,5900,11087,24 11.05,2024,15436753,,
24 18.04,方胖v纹白金荔枝皮26开 闲鱼姜太公验货宝hubby,21609,5568,7517,24 27.06,2024,26485680,,
10.03,cf 大mini绿金羊 27开有卡 小爱已查码,15000,4500,8224,24 16.04,2024,27732455,,
11.03,jumbo黑银荔枝皮单盖 13开 vvv已查码,18000,5340,10191,24 09.04,2024,13166473,,
11.03,jumbo黑银荔枝皮单盖 12开 寺贝已查码,16600,4550,7239,24 23.05,2024,12554403,,
12.03,方胖蓝银荔枝皮 19开 闲鱼南朝已查码,21999,5718,8073,24 10.04,2024,19656170,,
12.03,boy25cm 黑金荔枝皮 26开有卡 南朝已查码,25000,6300,7877,24 26.04,2024,26459763,,
12.03,cf中号 情人节款红金羊14开有卡尘袋 寺贝已查码,12000,3100,4079,24 07.05,2024,14280624,,
12.03,cf jumbo深蓝金羊 季节款 18开 寺贝已查码,12000,2900,2932,24 12.04,2024,18851314,,
12.03,cf中号黑金羊 13开意奢 已查码,16830,4668,7654,24 17.06,2024,13179997,,
12.03,cf中号桃粉银羊 18开有卡尘袋 闲鱼巨蟹验货宝hubby 已查码,17921,4990,8619,24 18.04,2024,18427399,,
13.03,jumbo深棕银羊18开尘袋盒子 闲鱼太阳验货宝hubby已查码,17609,5400,10648,24 19.04,2024,18792379,,
13.03,戴安娜 杏金羊 20开有卡尘袋盒子 闲鱼小绿验货宝hubby已查码,14109,4800,10972,24 21.04,2024,20739107,,
15.03,cf中号黑金羊 15开 邹泰文已查码,19000,5800,11350,24 10.05,2024,15994940,,
15.03,cf中号黑金羊 19开有卡 尘袋盒子 邹泰文已查码,19500,5900,11582,24 14.05,2024,19990368,,
15.03,方胖红银荔枝皮 24开有卡 邹泰文已查码,21000,5900,9687,24 16.04,2024,24517123,,
15.03,boy25cm红金荔枝皮 26开有卡 邹泰文已查码,15000,4168,6550,24 28.04,2024,26991541,,
15.03,boy25cm红金荔枝皮 20开有卡 邹泰文已查码,14000,3900,6347,24 12.05,2024,20155757,,
15.03,boy25cm深蓝金荔枝皮 23开有卡尘袋盒子 邹泰文,17000,4504,6995,24 26.07,2024,23464696,,
15.03,boy25cm深蓝银牛皮 20开 邹泰文已查码,13500,4318,9006,24 12.05,2024,20378237,,
15.03,v纹jumbo 单盖季节款 21开 邹泰文 已查码,11000,3780,8836,24 09.04,2024,21469686,,
15.03,boy25cm黑金牛 v纹 26开有卡 邹泰文已查码,17000,4750,7759,24 26.04,2024,26806691,,
15.03,jumbo单盖黑银荔枝皮 13开有卡 邹泰文,20000,4660,4118,25 09.01,2025,13569504,9.18老爹拿回，已回来,
16.03,2.55 26cm 黑银羊 20开 济南hubby已查码,12888,4218,9018,24 27.04,2024,20009327,,温州 24.10.20✔️10个/10月6日出货
17.03,jumbo黑银荔枝单盖 13开 闲鱼1234验货宝,18609,4689,6500,25 27.11,2025,13567033,9.18老爹拿回，已回来,
18.03,jumbo黑银荔枝皮 13开昕奢 hubby,20500,4700,4362,24 23.07,2024,13645765,,温州 24.10.14✔️41个/10月6日出货
18.03,2.55 28cm 银银羊 15开 济南hubby已查码,10600,3002,4933,24 11.04,2024,,,
19.03,coco小号深蓝银荔枝皮 22开有卡 闲鱼帝奢验货宝已查码,22109,5990,9060,24 20.04,2024,22083006,,
19.03,coco小号深蓝银荔枝皮蜥蜴皮手柄 21开有卡 闲鱼小吃货验货宝已查码,23609,6300,9208,24 20.04,2024,21517532,,
19.03,流浪小号 杏色拼黑 24开有卡 syvin已查码,10000,3280,6792,24 29.04,2024,24134223,,
19.03,方胖深蓝银羊 26开有卡 梨子已查码,19000,4990,6900,24 26.04,2024,26335468,,
19.03,中号相机包黑金荔枝皮 27开有卡票 玫瑰,17500,4500,5868,24 30.06,2024,27118400,,
19.03,2.55 25cm黑银荔枝皮11开有卡 闲鱼小多hubby‘验货宝,12108,4800,12919,24 29.04,2024,11472480,,
20.03,jumbo黑金荔枝皮单盖 13开 玫瑰 已查码,16500,5300,11200,24 03.05,2024,13583458,,
20.03,拉链相机包黑金牛/羊 20开有卡 玫瑰,7000,2500,6134,24 25.08,2024,20993948,,
21.03,boy25cm深蓝金牛 v纹 24开有卡 vvv已查码,13500,3750,5776,24 26.04,2024,24885915,,
22.03,cf中号黑金荔枝皮 18开有卡 闲鱼杭城验货宝,30108,8300,13688,24 03.05,2024,18410890,ig may_vyee,
22.03,2.55深蓝银羊 11开有卡 凯文已查码,11200,3850,8727,24 18.05,2024,11993561,,
22.03,boy25cm黑金荔枝皮 23开 邹泰文已查码,20500,5800,10141,24 03.05,2024,23449590,,
22.03,中号相机包深蓝金荔枝皮 25开有卡 邹泰文已查码,14000,4200,7888,24 07.06,2024,25726516,,
22.03,boy25cm深蓝银羊 21开 邹泰文已查码,12500,3900,7773,24 07.05,2024,21197822,,
22.03,腋下包深蓝银荔枝皮 18开 邹泰文已查码,8500,3280,8650,24 18.05,2024,18467455,,
22.03,杏银荔枝皮 季节款相机包 24开 邹泰文,7000,2450,6055,25 16.11,2025,24147732,,
22.03,pst黑银荔枝皮 11开 闲鱼天天hubby验货宝,6379,2580,6822,24 29.04,2024,11224811,,
23.03,jumbo黑金荔枝皮单盖13开 闲鱼奢侈品hubby验货宝,20917,5400,7192,24 11.05,2024,13573767,,
23.03,jumbo黑金荔枝皮双盖18开 闲鱼爱奢品hubby验货宝已查码,22609,6380,10635,24 28.04,2024,16681565,,温州 25.02.27✔️27个/2月15&19出货
25.03,jumbo黑银荔枝单盖盒子lv尘袋盒子 13开 啷的个闲鱼验货宝,18809,4800,7000,25 08.03,2025,13584957,当yim的寄卖,
25.03,jumbo黑银荔枝皮单盖11开有卡 mia已查码,19500,4990,6637,24 10.06,2024,11590190,,
25.03,jumbo黑金荔枝皮单盖 13开有卡 mia已查码,20500,5400,7805,24 27.04,2024,13380374,,
26.03,coco小号黑金荔枝皮 尘袋24开有卡 闲鱼大**咪验货宝,31149,7400,7706,24 12.05,2024,24936681,,
26.03,jumbo黑金羊单盖 12开 济南已查码,13000,3990,7633,24 01.05,2024,12486001,,
27.03,boy25cmv纹深蓝银荔枝皮 24开有卡尘袋 闲鱼玻璃心验货宝,18309,4700,6446,24 04.08,2024,24647618,,
27.03,boy25cm 深橘金牛 20开 孙辣hubby,8500,3500,9859,24 13.07,2024,20154641,,
28.03,jumbo黑金荔枝皮单盖 12开 闲鱼孤独验货宝已查码,19609,5318,8191,24 23.05,2024,12486515,,
28.03,boy20cm深蓝金荔枝皮 v纹 24开 闲鱼臻新hubby验货宝,17409,4970,8470,24 14.05,2024,24846205,,
29.03,jumbo杏金荔枝皮单盖 13开 闲鱼学道验货宝已查码,15109,3990,5823,24 10.07,2024,13439493,,
29.03,cf季节款v纹单盖黑银羊 21开 接力已查码,16030,4200,5823,24 08.05,2024,21468066,,
30.03,cf中号深蓝银荔枝皮 19开有卡 奢收多香奈儿已查码,26800,8500,17739,24 30.04,2024,19076622,,
30.03,流浪小号 深蓝拼黑 23开 邹泰文已查码,10500,3380,6968,24 16.06,2024,23661012,,
30.03,cf中号黑金羊 21开有卡 邹泰文已查码,22500,6050,9276,24 15.05,2024,21595698,,
30.03,boy25cm深蓝金荔枝皮 23开 邹泰文已查码,15500,4932,10314,24 25.06,2024,23735365,,
30.03,cf中号黑银荔枝皮 14开 邹泰文已查码,25500,7200,12402,24 02.05,2024,14432259,,
30.03,boy20cm珠光黑金羊 19开有卡 邹泰文已查码,17000,4600,6947,24 23.05,2024,19613233,,
30.03,boy20cm黑银牛v纹 22开 邹泰文已查码,17000,4518,6492,24 06.05,2024,22613927,,
30.03,cf maxi 红银羊 13开有卡 邹泰文,9500,3300,7581,24 27.07,2024,13272712,,
30.03,jumbo深蓝银荔枝皮15开有卡 邹泰文商家已查码,24000,5800,6413,24 03.05,2024,15660128,,
30.03,流浪中号 金色 23开 闲鱼星辰hubby验货宝,5279,2072,5458,24 11.12,2024,23631796,,
30.03,cf中号红银羊17开有卡盒子 闲鱼原hubby验货宝,14609,3990,6645,24 20.08,2024,17556025,,
31.03,gst杏色金 12开 闲鱼大睿宝hubby验货宝,7078,2200,4129,24 29.06,2024,12419071,,
31.03,coco深蓝红手柄小号 24开有卡 闲鱼缺金hubby验货宝,23109,5900,7675,24 12.05,2024,24227566,,
31.03,cf宝石蓝银荔枝皮单盖 12开 闲鱼吃了hubby验货宝,11609,3990,9091,24 30.04,2024,12916028,,
31.03,jumbo黑银荔枝皮单盖 13开 森泽hubby,16800,5318,10964,24 30.04,2024,13932712,,
31.03,boy28cm黑银牛 19开有卡 猫爷hubby,13500,4337,9038,24 18.06,2024,19615049,,
31.03,cf中号深蓝银羊 22开有卡票尘袋盒子 大表哥,21000,5900,10170,24 22.05,2024,22509228,,
01.04.,翻盖黑银29cm 23开有卡 闲鱼酢乙hubby验货宝,9879,2930,5549,24 10.09,2024,23810717,,
01.04.,boy25cm v纹深蓝银荔枝皮24开有卡票尘袋 闲鱼阿姐验货宝,19000,4966,7062,24 05.07,2024,2460194,,
01.04.,boy25cm v纹深蓝银荔枝皮24开有卡闲鱼用户_750验货宝,17609,4800,7378,24 29.06,2024,24644028,,
01.04.,boy25cm v纹深蓝银荔枝皮26开有票 闲鱼小晴验货宝,17109,5500,11773,24 01.06,2024,26080150,,
02.04.,boy20cm深粉金荔枝皮 23开盒子闲鱼小羊hubby验货宝,15309,4300,7246,24 04.05,2024,23876599,,
02.04.,boy28cm v纹黑金三拼 22开票尘袋 闲鱼小刀hubby验货宝,12609,3680,6467,24 26.05,2024,22455693,,
03.04.,jumbo银银羊 13开 闲鱼墨萤hubby验货宝,9079,4050,12100,24 22.05,2024,13945378,,
03.04.,boy25cm黑银荔枝皮 20开 闲鱼日光 hubby验货宝,17309,5768,12923,24 21.05,2024,20015249,镭射破,
03.04.,coco小号白金荔枝皮 23年芯片 闲鱼p**hubby验货宝,28609,6268,4475,24 27.06,2024,AP3NJ314,,
03.04.,woc蓝绿银荔枝皮 23开 lucky hubby,9000,2909,6202,24 25.07,2024,23000758,,
04.04.,coco小号金属珠光银荔枝皮 28开有卡尘袋盒子 闲鱼雅雯hubby验货宝,24500,5800,6030,24 09.05,2024,28364553,,
04.04.,cf中号黑金荔枝皮 15开有卡 奢收多香奈儿,27000,6800,8756,24 27.05,2024,15979999,,
05.04.,boy30cm 黑银羊 18开有卡 闲鱼快乐验货宝hubby,10078,3546,8253,24 06.06,2024,18378775,,
05.04.,coco小号金属珠光金荔枝皮 27开有卡尘袋盒子 闲鱼yyds hubby验货宝,21609,5800,8872,24 07.05,2024,27956647,,
05.04.,boy28cm 黑银荔枝皮 23开有卡 闲鱼柠檬验货宝hubby,19109,5280,8519,24 19.06,2024,23147164,,
05.04.,gst深蓝银 19开 闲鱼爱吃验货宝hubby,8279,2680,5426,24 01.05,2024,19007909,,
06.04.,boy25cm 浅粉金荔枝皮 25开有卡尘袋 寺贝,16500,4400,7323,25 21.09,2025,25529217,,
06.04.,cf中号黑金羊 22开 大表哥,22600,6118,9590,24 31.05,2024,22139249,,
06.04.,大mini粉色 27开有卡 闲鱼黄金,15000,4600,9072,24 16.06,2024,27135544,,
06.04.,粗链深蓝金羊 29开有卡 闲鱼大睿宝 验货宝hubby,17609,4418,5380,24 08.06,2024,29125758,,
06.04.,相机包中号黑金荔枝皮 28开有卡尘袋盒子 闲鱼大睿宝 验货宝hubby,18109,4500,5648,24 20.06,2024,28252564,,
06.04.,cf中号v纹黑金羊 闲鱼体育生 24开 验货宝hubby,21309,6000,10220,24 04.06,2024,24702828,,
07.04.,cf中号黑银荔枝皮 13开 闲鱼成都验货宝hubby,29309,7768,11644,24 19.05,2024,13112483,,
07.04.,boy25cm深蓝金荔枝皮 20开 闲鱼amosle验货宝hubby,17109,4768,7703,24 15.06,2024,20019741,,
07.04.,boy25cm 大格橘红金牛 18开 肆季 hubby,8500,2800,5906,24 02.07,2024,18912415,,
07.04.,cf中号唇膏粉银羊 27开 闲鱼micar验货宝,19109,4950,6707,24 14.06,2024,27127103,,
07.04.,v纹翻盖 蓝金牛 16开 小红红,9250,2950,6157,24 18.07,2024,16168363,,
08.04.,jumbo黑银荔枝皮13开 江户川hubby,19500,4618,4926,24 07.08,2024,13584084,,
08.04.,cf小号 天蓝金羊 25开 CR hubby,20000,5600,9317,24 18.05,2024,25103466,,
08.04.,v纹翻盖 蓝金牛 16开 海岸,9350,2930,5753,24 12.05,2024,16179414,,
08.04.,翻盖大logo 黑银荔枝皮 15开 玫瑰,8600,2618,4804,24 30.04,2024,15390759,,
09.04.,薄荷绿金羊 粗链 有卡尘袋盒子 闲鱼tb验货宝,18109,4700,6851,24 18.07,2024,29093345,,
09.04.,保龄trendy27cm 湖蓝金羊 23开有卡尘袋 陈真,11500,3600,7313,24 29.05,2024,23102984,,
09.04.,翻盖红银牛 26cm 尘袋 陈真,6700,2200,4660,25 25.01,2025,17093104,,
09.04.,方胖深红银荔枝皮 20开有卡 邹泰文,21000,5618,8275,24 07.05,2024,20008161,,
09.04.,方胖红银羊 20开有卡盒子 邹泰文,12000,3600,7128,25 07.03,2025,20005246,,
09.04.,流浪小号蓝黑 26开 邹泰文,10500,3400,7224,24 12.06,2024,26546956,,
09.04.,boy25cm 棕银荔枝皮 26开有卡 邹泰文,17500,4825,7872,24 11.11,2024,26828006,,
09.04.,boy25cm 黑金羊 20开 邹泰文,14500,4068,6886,24 17.07,2024,20034343,,
09.04.,翻盖蓝银荔枝皮 19开有卡 邹泰文,10500,3400,7163,24 25.05,2024,19925377,,
09.04.,戴安娜 杏金羊 20开有卡 闲鱼林志玲验货宝hubby,13609,4900,11881,24 01.06,2024,20939043,,
09.04.,cf中号宝石蓝金羊 25开有卡 闲鱼小行家验货宝hubby,21109,5700,8775,24 22.05,2024,25390325,,
10.04,大mini 深红银荔枝皮 20开有卡 闲鱼湘琴验货宝,20909,4990,5164,24 16.05,2024,20003409,,
10.04,流浪小号黑白 28开有卡 奢收多香奈儿,10000,3380,7441,24 28.05,2024,28043984,,
10.04,cf中号秀款 黑金颗粒皮 21开有卡尘袋 闲鱼sqw验货宝hubby,20117,6200,12363,24 14.05,2024,21967986,,
10.04,cf小号鲜绿银羊 25开有卡尘袋 闲鱼爱奢验货宝hubby,21109,5700,8877,24 28.05,2024,25631459,,
11.04,流浪小号v纹白拼黑 27开 闲鱼陶都验货宝hubby,10078,2970,5317,24 07.10,2024,27100176,,
11.04,v纹翻盖炫彩黑 14开 排队,11850,3100,4261,24 09.07,2024,14805208,,
11.04,jumbo红银荔枝皮双盖 19开 收呗,17000,4718,7530,24 12.06,2024,19183333,,
11.04,古巴包黑荔枝皮 25开 陈真,11500,3500,6492,24 02.07,2024,25455264,,
11.04,boy25cm 深红金羊 24开有卡 孙辣,11500,2990,4138,24 02.09,2024,24558076,,
12.04,cf中号黑金羊 18开 上门,21500,6100,10674,24 22.05,2024,18557951,,
13.04,cf中号银银牛限量 21开有卡尘袋盒子 riri,19000,5700,10996,24 09.05,2024,21962505,,
13.04,jumbo深蓝银羊双盖 23开有卡 W,18000,4724,6678,24 28.05,2024,23316760,,
13.04,boy25cm深绿银荔枝皮v纹 26开 闲鱼热殿验货宝hubby,16609,4600,7289,24 01.06,2024,26171997,,
14.04,cf中号黑银荔枝皮 尘袋盒子 13开 闲鱼买买验货宝,28117,7768,13005,24 31.05,2024,13837491,,
14.04,cf拉链款深紫银荔枝皮 16开 玫瑰,8000,2240,3423,24 02.07,2024,16767092,,
14.04,方胖红金羊 21开有卡 望奢hubby,9500,3626,9388,24 11.11,2024,21993730,,
14.04,boy25 古铜金羊 16开 闲鱼慢慢验货宝hubby,9079,3300,7880,24 03.06,2024,16267573,,
14.04,coco小号v纹红金荔枝皮 27开有卡票 尘袋 闲鱼旺验货宝hubby,19109,5300,8598,24 18.06,2024,27898831,,
15.04,jumbo深蓝银荔枝皮 15开 邹泰文,22500,5400,6311,24 22.08,2024,15657600,,
15.04,方胖红银羊 20开 邹泰文,11500,3200,5174,24 16.07,2024,20005248,,
15.04,boy 30cm 黑银羊 16开 邹泰文,8800,3400,8830,24 10.06,2024,16109324,,
15.04,cf中号深蓝银荔枝皮 24开 邹泰文,22000,6318,11200,24 21.05,2024,24626322,,
15.04,流浪小号v纹深蓝 26开 邹泰文,9000,3100,6851,24 02.07,2024,26097383,,
15.04,boy25cm 黑金荔枝皮 20开有卡 邹泰文,21000,5770,9439,24 17.06,2024,20021428,,
15.04,cf中号黑银荔枝皮 19开有卡 邹泰文,32600,7431,6742,24 09.07,2024,19559059,,
15.04,boy25 小v纹深蓝银羊 20开有卡票 邹泰文,10000,3280,6925,24 24.05,2024,20638473,,
15.04,boy25 深蓝绿金荔枝皮 20开有卡 邹泰文,14500,4800,10745,24 20.06,2024,20009432,,
15.04,翻盖v纹银银牛 24开有卡票尘袋 陈真,9200,2680,4503,24 29.05,2024,24877022,,
15.04,方胖白银荔枝皮 20开有卡尘袋 闲鱼菲娅验货宝hubby,21109,5700,9125,24 10.12,2024,20462380,,
15.04,2.55黑金28cm 13开 闲鱼南方验货宝hubby,12109,4080,9060,24 19.05,2024,13899508,,
16.04,盒子黑金荔枝皮芯片款 玫瑰,16800,4280,5466,24 15.05,2024,E1T7KA62,,
17.04,桶包22cm红银牛 22开有卡 陈真,7000,2600,6500,24 12.11,2024,22475267,,
17.04,pst 黑金 8开闲鱼林儿验货宝hubby,7379,2580,5878,24 12.06,2024,8114965,,
18.04,boy28cm v纹竹绿金荔枝皮26开 闲鱼小米验货宝hubby,16621,4700,8106,24 07.06,2024,26805732,,
19.04,翻盖v纹 红银荔枝皮 24开 闲鱼叮叮验货宝hubby,8679,2700,5232,24 03.06,2024,24198511,,
20.04,cf拉链款25cm 珠光蓝银荔枝皮 16开 闲鱼东南验货宝,8079,2958,7374,24 01.08,2024,16763622,,
20.04,翻盖深紫银荔枝皮 16开 闲鱼清包验货宝,8279,2823,6266,24 27.06,2024,16907214,,
20.04,大mini毛呢28开有卡尘袋 闲鱼ghost验货宝hubby,18109,4800,7206,25 24.01,2025,28481374,,
20.04,cf中号 绿金荔枝皮v纹 26开有卡票尘袋盒子闲鱼贩卖验货宝hubby,25934,7250,12524,24 19.06,2024,26399124,,
21.04,jumbo黑金荔枝皮双盖16开 闲鱼雨都验货宝hubby,23109,6168,9423,24 31.07,2024,16066012,,
21.04,coco小号深蓝蜥蜴红手柄 24开有卡票 万物hubby,23000,5800,7687,24 13.10,2024,24227424,,
22.04,cf maxi 黑金荔枝皮双盖 14开 闲鱼你说验货宝hubby,18109,5300,9598,24 18.06,2024,14395071,,
22.04,gst黑银 13开 金丝熊hubby,8700,2818,5850,24 21.05,2024,13547230,,
22.04,boy25cm 深蓝银荔枝皮 24开有卡票 金丝熊hubby,16000,4200,6500,25 13.12,2025,24645876,24647618卖的,
24.04,jumbo黑银荔枝皮 单盖 12开 闲鱼名包验货宝hubby,14109,4700,10634,24 25.07,2024,12284224,,
24.04,boy25cm橙红金牛 23开有卡票 奢收多香奈儿hubby,10000,3088,5936,24 28.07,2024,18456650,,
25.04,19年毛呢超大珍珠翻盖 27开有卡 闲鱼money验货宝hubby,17132,5000,9977,25 10.08,2025,27862124,,
26.04,pst酒红 18开 闲鱼朱了了验货宝hubby,6879,2480,5876,24 13.06,2024,18026805,,
26.04,jumbo黑银荔枝皮 单盖 12开有卡尘袋盒子 闲鱼靠谱验货宝hubby,19109,4600,5394,24 07.09,2024,12454612,,
26.04,jumbo黑金荔枝皮双盖 19开 江户川hubby,24000,6300,9052,24 17.06,2024,19587863,,
27.04,流浪蓝黑拼小号 25开有卡 奢收多香奈儿,10000,3000,5455,24 10.08,2024,25427443,,
27.04,流浪蓝黑拼小号 27开 奢收多香奈儿,9000,2970,6482,24 21.08,2024,27203254,,
29.04,流浪白黑拼小号 25开有卡尘袋 奢收多香奈儿,11000,3450,6928,24 06.06,2024,25621137,,
29.04,毛呢粉大mini 珍珠27开有卡 奢收多香奈儿hubby,17500,4300,5662,25 04.08,2025,27999159,,
29.04,boy30cm 黑金羊19开有卡 闲鱼喜喜验货宝hubby,9379,3600,9156,24 27.06,2024,19616075,,
30.04,cf中号 白金荔枝皮 12开有卡尘袋盒子 邹泰文,16500,5500,12948,24 30.08,2024,12860837,,
30.04,方胖v纹 深粉金羊 21开有卡尘袋 邹泰文,13000,3715,6526,24 01.09,2024,21153458,,
30.04,boy25cm 深蓝金牛 25开有卡尘袋邹泰文,13000,4180,8769,24 09.06,2024,25394735,,
30.04,2.55 24cm 金银羊 19开尘袋 邹泰文,8500,3300,8672,24 22.12,2024,19180122,,
30.04,boy25cm 黑金荔枝皮 23开尘袋 邹泰文,22500,5800,7979,24 25.06,2024,23929487,,
30.04,cf中号黑银荔枝皮 13开尘袋 邹泰文,25000,6718,10626,24 29.07,2024,13500102,,
30.04,boy20cm 黑金荔枝皮 27开有卡尘袋 邹泰文,23500,5990,7960,24 11.06,2024,27544255,,
30.04,cf中号 黑金荔枝皮 24开尘袋 邹泰文,33000,8168,10165,24 08.06,2024,24586324,,
30.04,毛呢珍珠肩带28开有卡 闲鱼海王验货宝hubby,16809,4990,9685,24 25.09,2024,28061801,,
30.04,boy25cm深蓝银羊大格19开有卡 奢收多小铃铛hubby,11800,3800,7837,24 03.06,2024,19089307,,
01.05.,boy25cm 芭比粉银牛 17开 amosle,12909,3187,4195,25 06.10,2025,17950291,,
01.05.,毛呢大mini 27开有卡尘袋 闲鱼花宝验货宝hubby,18609,4700,6458,25 21.10,2025,27806653,,
03.05.,boy25cm v纹深蓝银荔枝皮 24开 小可,16000,3990,5535,25 25.07,2025,24661638,,
03.05.,cf中号情人节唇膏粉金羊 19开 闲鱼佳哥验货宝hubby,15609,4418,7399,24 13.06,2024,19200898,,
04.05.,金币款翻盖小v纹 26cm 19开有卡 闲鱼臻品验货宝,12409,3400,5254,24 20.06,2024,19028505,,
04.05.,boy25cm 深粉金荔枝皮 23开有卡票尘袋 收呗,15800,4700,8788,24 19.06,2024,23623623,,
04.05.,coco黑金蜥蜴皮手柄26开有卡尘袋 闲鱼你我验货宝hubby,28609,7318,10045,24 19.06,2024,26781130,,
04.05.,jumbo黑银荔枝皮单盖 13开 小越hubby,19500,4780,5800,25 25.03,2025,13252777,,
05.05.,中号邮差 黑金荔枝皮 25开有卡 闲鱼aurore验货宝,21109,5600,8466,24 24.07,2024,25776042,,
05.05.,cf中号颗粒银银牛 22有卡闲鱼奢侈验货宝hubby,17109,5500,11660,24 07.06,2024,22111035,,
06.05.,woc黑金荔枝皮 18开 玫瑰,12500,3200,4146,25 24.01,2025,18419422,,
14.05,cf中号颗粒银银牛 21开有卡 吉嘉hubby,19200,5700,11022,24 14.07,2024,21962504？,,
14.05,cf翻盖25cm 玫红金羊21开 闲鱼我没有验货宝hubby,8879,3100,7180,24 18.06,2024,21655612,,
14.05,jumbo 黑金羊双盖 22开盒子 闲鱼张巴黎验货宝hubby,18409,4550,5505,24 10.07,2024,22654376,,
14.05,boy25cm 中蓝 尘袋18开 闲鱼菜市场验货宝hubby,9579,2990,5990,24 05.08,2024,18001933,,
14.05,大mini 深蓝银荔枝皮 18开 范大范hubby,22500,5480,6236,24 05.06,2024,18870018,,
15.05,cf深红翻盖20cm 玫红金羊21开 闲鱼vtg验货宝hubby,10809,2814,3873,24 15.07,2024,21940435,,
16.05,jumbo 黑金荔枝皮 单盖13开有卡 闲鱼zhen验货宝hubby,17909,5085,8837,24 20.07,2024,13230254,,
16.05,cf中号黑金荔枝皮 13开 闲鱼珠宝实体验货宝hubby,28109,7600,12218,24 28.07,2024,13760041？,,
16.05,cf中号玫瑰金金荔枝皮 16开 闲鱼珠宝实体验货宝hubby,19609,6300,14060,24 16.09,2024,16502317,,
16.05,boy小号 深粉银羊26开有卡票尘袋盒子 闲鱼资深验货宝hubby,12109,3900,8319,24 24.06,2024,26352795,,
16.05,19bag 小号 深红金羊 30开 薇薇,16500,4500,6892,24 24.06,2024,30291998,,
16.05,2.55 28cm v纹 酒红金牛 23开 寺贝,10700,3421,6884,24 27.06,2024,23169192,,
16.05,boy25cm蓝绿金荔枝皮 20开有卡尘袋 奢收多,17000,4600,7387,24 19.07,2024,20153460,,
16.05,流浪小号黑金牛 29开有卡 奢收多,15000,4012,5730,24 26.06,2024,29232469,,
16.05,cf中号 黑金荔枝皮 21开尘袋 奢收多,31500,7768,9831,24 06.07,2024,21998701,,
16.05,boy25cm深粉银羊 19开有卡 富瑶hubby,10500,3200,6141,24 07.09,2024,19274668,,
16.05,方胖翻盖v纹褐色银荔枝皮 24开 奢收多,10000,2700,4272,25 16.11,2025,24166602,,
16.05,boy25cm 大格深蓝银牛 19开 奢收多,9500,2880,5485,24 13.12,2024,19015103,,
16.05,boy25cm v纹 薄荷绿银荔枝皮 29开有卡 w阿俊,18000,4780,6847,24 01.07,2024,29185462,,
16.05,boy25cm宫廷款黑银牛 19开有卡 邹泰文,16500,4700,7986,24 18.06,2024,19687165,,
16.05,boy25cm黑金羊 22开有卡 邹泰文,15500,4500,8106,24 16.06,2024,22160316,,
16.05,cf中号 军绿银荔枝皮 14开 邹泰文,17500,4970,8572,24 16.06,2024,14870234,,
16.05,cf小号 黑银羊 29开 邹泰文,23000,6168,9354,24 08.06,2024,29125326,,
16.05,boy25cm黑银荔枝 25开 邹泰文,22500,5800,7940,24 12.06,2024,25631737,,
16.05,戴安娜杏金羊22cm 20开 邹泰文,10500,4238,11625,24 13.07,2024,20963852,,
16.05,流浪小号黑白 27开有卡 邹泰文,10500,3200,6076,24 06.07,2024,27112089,,
16.05,大mini 红银荔枝 17开 邹泰文,14000,4200,7620,25 02.03,2025,17035255,过年拿回2，已回来,
16.05,boy25cm黑金荔枝 24开 邹泰文,21500,5718,8509,24 03.07,2024,24344870,,
16.05,boy25cm深蓝金荔枝 25开 邹泰文,17000,4400,6050,24 15.11,2024,25484824,,
16.05,jumbo黑金羊双 23开有卡 邹泰文,18500,4800,6452,24 02.07,2024,23491928,,
16.05,cf中号 白金荔枝 23开有卡 邹泰文,22000,6280,11005,24 14.06,2024,23513202,,
16.05,cf中号 黑银羊 15开 邹泰文,21000,5768,9251,24 14.06,2024,15958053,,
16.05,cf中号 黑金羊 14开有卡 邹泰文,20000,6100,12116,24 04.07,2024,14679111,,
17.05,boy25cm 黑银牛 v纹 22开 闲鱼彤彤验货宝,15109,4300,7380,24 04.08,2024,22305358,,温州 25.02.27✔️27个/2月15&19出货
17.05,邮差中号 灰金荔枝皮29开有卡尘袋盒 闲鱼中午验货宝,20109,5718,10018,24 27.06,2024,29585419,,
18.05,cf翻盖25cm 黑金羊21开有卡票尘袋盒 闲鱼萌小验货宝hubby,13309,4300,9252,24 24.06,2024,21810964,,
18.05,boy25cm 深蓝金荔枝 25开有卡 奢品 hubby,15500,4400,8000,24 23.11,2024,25526629,,
19.05,cf中号 v纹西瓜红金羊 24开有卡票尘袋盒子 闲鱼养猪验货宝,17109,5084,10968,25 12.06,2025,24676525,,
19.05,cf中号黑金荔枝皮 12开 闲鱼冰城验货宝,28609,7700,12233,24 27.07,2024,12880914,,
19.05,boy25cm 黑银牛 v纹 22开 闲鱼是倪验货宝,15109,4395,7894,24 26.07,2024,22212337,,
19.05,boy25cm 黑银牛17开有卡 闲鱼my验货宝,15108,3800,4717,24 02.08,2024,17846829,,
19.05,coco小号黑金荔枝皮 v纹 27开有票 金丝熊,25800,6455,8380,24 11.12,2024,27896441,,
19.05,coco小号樱花粉金荔枝皮 27开有卡尘袋闲鱼西梅验货宝hubby,24509,5868,6260,24 29.06,2024,27392666,,
19.05,cf毛呢绿 23开 闲鱼丫丫验货宝hubby,11609,3750,7818,24 26.12,2024,23876014,,
19.05,流浪小号 v纹 黑金牛 26开有卡 lucy hubby,14500,3900,5635,24 28.06,2024,26109136,,
19.05,cf中号孔雀石绿银荔枝 26开有卡尘袋 lucy hubby,27500,7600,12788,24 20.12,2024,26569143,,
19.05,流浪小号黑金牛 28开有卡 fan hubby,15000,4000,5691,24 29.06,2024,28498386,,
21.05,cf中号 黑银荔枝皮 13开闲鱼小吃货验货宝,25609,6618,9402,24 11.08,2024,13451009,,
21.05,boy25cm 深紫金羊23开 闲鱼北仑验货宝hubby,8079,3380,9391,24 07.07,2024,23169246,,
22.05,boy小号 深粉金荔枝皮23开有卡尘袋 闲鱼努力验货宝hubby,15000,4200,7067,24 19.07,2024,23902777,,
22.05,boy25cm 深绿银羊21开有卡票尘袋盒子 闲鱼安可验货宝hubby,12609,3580,6395,24 22.08,2024,21741771,,
23.05,jumbo 黑银荔枝皮 13开有卡闲鱼讨饭验货宝hubby,18609,4680,6410,24 30.09,2024,13165098,,
23.05,coco小号黑银荔枝皮 v纹 28开有卡 奢收多,28500,6500,6094,24 15.07,2024,28746358,,
23.05,cf中号 黑银羊20开 奢收多,20000,5750,10334,24 17.07,2024,20665014,,
23.05,boy20cm 深蓝金荔枝皮 v纹 24开有卡 奢收多,18000,5080,8563,24 03.07,2024,24846141,,
23.05,boy20cm 深蓝金羊 25开 奢收多,14000,3918,6391,24 14.07,2024,25467968,,
23.05,jumbo深蓝银荔枝 18开有卡 金焕hubby,21500,5700,8269,24 28.06,2024,18446805,,
24.05,coco小号v纹浅蓝 29开有卡尘袋 奢收多,22000,5200,5500,25 10.04,2025,29377207,,
24.05,boy20 V纹深红金荔枝皮 24开 闲鱼推特验货宝hubby,14429,4300,8092,24 12.07,2024,24922381,,
24.05,相机包中号黑金荔枝 26开 岳豪hubby,16000,4060,5323,24 08.09,2024,26423851,,
25.05,maxi黑金荔枝 15开 闲鱼妃妃验货宝hubby,20609,5300,7045,24 30.06,2024,15675796,,
25.05,jumbo黑金荔枝双 15开 君昊hubby,23000,5780,8322,25 30.04,2025,15345738,3.18香港麻麻拿回01，已回来,
25.05,coco小号黑金荔枝 v纹29开有卡 the fur hubby,28500,6835,7620,24 10.07,2024,29261101,,
26.05,boy25cm 炭灰银牛20开有卡 X,12500,4217,9554,24 13.07,2024,20309720,,
26.05,boy25cm 宝蓝金羊 21开寺贝,8500,3370,9091,24 13.07,2024,21660442,,
27.05,coco中号中蓝金荔枝皮 26开有卡 梦梦,17500,4815,7908,24 19.07,2024,26064590,,
27.05,boy25cm有提手 深灰银牛 23开有卡 梦梦,14000,4600,10388,24 22.09,2024,23171977,,
27.05,boy25cm 黑金羊 24开有卡 上门,15000,4200,7120,24 20.07,2024,24974895,,
27.05,cf中号毛呢粉珍珠 28开有卡票 闲鱼大学验货宝hubby,17109,4700,7651,25 03.04,2025,28003235,,
27.05,cf中号深粉银羊19开有卡尘袋 清风 hubby,18200,5300,9562,24 01.07,2024,19373035,,温州 25.04.04✔️36个一肩带/3月26/27/29日出货
28.05,戴安娜黑金羊 20开 闲鱼格格验货宝,12409,5500,16555,24 12.07,2024,20739379,,
28.05,boy25cm 深灰银荔枝皮 闲鱼认真,19200,4650,5133,24 29.06,2024,29796617,,
28.05,流浪小号 深蓝28开有卡 邹泰文,10500,3518,7842,24 28.06,2024,28408111,,
28.05,boy25cm 黑银牛 v纹 22开 邹泰文,15500,4400,7580,24 20.07,2024,22458157,,
28.05,cf中号黑金荔枝皮 18开邹泰文,31500,7800,10153,24 20.07,2024,18791220,,
28.05,2.55 266 碳黑 16开有卡 邹泰文,11500,3780,8187,24 10.07,2024,16548552,,
28.05,jumbo黑金荔枝皮 18开有卡 邹泰文,25000,6300,8719,24 17.09,2024,18890270,,
28.05,boy25cm v纹 深红金荔枝皮26开 邹泰文,14000,4100,7462,24 28.06,2024,26594225,,
28.05,boy25cm 碳黑灰银荔枝皮26开 邹泰文,16800,4668,7661,24 05.07,2024,26480748,,
28.05,cf中号军绿银荔枝皮 17开邹泰文,15500,4890,10281,24 12.07,2024,17053339,,
28.05,boy25cm v纹 杏银荔枝皮24开有卡 邹泰文,16000,4500,7687,25 10.02,2025,24974175,,
29.05,coco小号黑金荔枝皮 v纹 26开尘袋 闲鱼烨木验货宝hubby,27609,6050,4424,24 02.11,2024,26322952,,
29.05,boy25cm 大格深蓝金银牛 20开有卡 闲鱼取个验货宝hubby,9279,3300,7804,24 28.06,2024,20937794,,
30.05,方胖深蓝银羊 22开有卡 闲鱼1359验货宝hubby,13109,4880,12398,25 01.01,2025,22504261,,
30.05,boy20 深蓝金牛 21开有卡 闲鱼上海验货宝hubby,12609,3400,5125,24 05.07,2024,21744191,,
30.05,boy20 酒红金牛 24开尘袋 闲鱼比格验货宝hubby,10317,3200,6478,24 28.08,2024,24603999,,
30.05,boy25cm 黑银牛 v纹 22开 迷,14800,4500,8800,24 10.11,2024,22296930,,
30.05,pst 杏金14开尘袋 闲鱼周小验货宝hubby,6179,2482,6447,24 18.07,2024,14581405,,
31.05,流浪中号 深红v纹 26开 闲鱼柏林验货宝hubby,6587,2050,4071,25 14.02,2025,26316690,,
31.05,cf中号 黑银羊23开 新海 hubby,24188,6100,8029,24 22.07,2024,23909237,,
31.05,2.55 227 黑金牛 13开有卡 济南 hubby,12800,3976,7922,24 29.06,2024,13717524,,
02.06.,boy25cm 深粉银羊 19开 奢收多,9400,3200,7084,24 10.07,2024,19274611,,
02.06.,boy25cm 蓝绿银羊 19开有卡 奢收多,11000,3500,7340,24 16.07,2024,19385507,,
02.06.,流浪小号 蓝 26开 闲鱼取个验货宝hubby,10609,2900,4409,24 29.10,2024,26520456,,
02.06.,pst 黑金 9开 质库 hubby,7800,2718,6236,24 03.07,2024,9986229,,
03.06.,cf中号 黑金羊 15开 闲鱼洪洪验货宝hubby,20109,5780,10302,24 08.07,2024,15988292,,
03.06.,流浪小号蓝黑 26开 闲鱼是淡雅验货宝hubby,9979,2990,5564,24 11.09,2024,26820513,,
03.06.,翻盖黑金羊21开 闲鱼洛云验货宝hubby,14109,3970,6419,24 30.06,2024,21750257,,
03.06.,戴安娜 黑金羊 3开 闲鱼南朝验货宝hubby,12109,4619,12002,24 09.07,2024,3426004,,
03.06.,coco 小号 v纹黑黑荔枝 26开有卡 闲鱼小盐验货宝hubby,26109,6300,6857,25 16.01,2025,26489515,,
04.06.,cf中号情人节黑金19开有卡尘袋 闲鱼日光验货宝,15909,3900,4501,24 17.07,2024,19284196,,
04.06.,boy25cm黑银羊 16开 闲鱼日光验货宝,14697,4100,6711,24 01.08,2024,16269238,,
04.06.,季节大mini 黑银羊斜纹21开 闲鱼有闲验货宝,10409,3485,7630,24 27.07,2024,21648934,,
04.06.,翻盖黑金荔枝 21开 闲鱼我才验货宝,12309,4200,9726,24 17.07,2024,21926153？,,
04.06.,cf中号 v纹深粉金羊 21开尘袋 闲鱼一枚验货宝,16909,4600,7231,24 27.07,2024,21210039？,,
04.06.,boy25 灰银羊15开有票 闲鱼小歌验货宝,8079,3300,9070,24 15.08,2024,15934003,,
04.06.,cf中号黑银荔枝 12开 闲鱼鱼小验货宝,25109,6650,10426,24 29.08,2024,12142226,,
04.06.,翻盖深蓝金荔枝 21开有卡尘袋 闲鱼重生验货宝,12909,4200,9075,24 29.07,2024,21834203,,
04.06.,boy25 深蓝银荔枝28开 闲鱼玉兰验货宝,16109,4500,7399,24 26.07,2024,28381693,,
04.06.,boy25 渐变银荔枝 25开 闲鱼诠验货宝,18309,5300,9766,24 30.08,2024,25453901,,温州 25.05.26✔️40个/5月09/16日出货
04.06.,GST深蓝金荔枝19开 贺淇,8000,2780,6375,24 10.07,2024,19010213,,
04.06.,boy25 深蓝金荔枝 26开 闲鱼卡布奇诺验货宝hubby,14609,4425,8684,24 21.11,2024,26084388,,
05.06.,boy25 樱花粉银漆皮 22开有卡 闲鱼南唐验货宝卡在验货宝,7900,2380,4289,24 29.08,2024,22253400,,
05.06.,ptt 粉银荔枝 6开有卡 闲鱼语新验货宝,6279,2200,4988,24 14.07,2024,6404935,,
05.06.,gst蓝银荔枝17开 闲鱼忧伤验货宝,7279,2680,6566,24 11.07,2024,17331858,,
05.06.,gst黑银荔枝 13开 闲鱼刘亦菲验货宝,8579,2900,6654,24 29.08,2024,13150412,,
05.06.,gst绿金荔枝14开 闲鱼藏宝验货宝,5078,2240,6468,24 16.08,2024,14486675,,
05.06.,boy20 黑金荔枝19开 闲鱼ride验货宝,21139,5600,8452,24 01.08,2024,19910175,,
05.06.,coco小号黑金荔枝 v纹 29开有卡闲鱼滢滢验货宝hubby,26609,6270,6966,24 26.09,2024,29328329,,
05.06.,jumbo双盖 黑金荔枝 16开 奢度 hubby,21300,6268,11571,24 01.07,2024,16586190,,
06.06.,jumbo 黑银荔枝19开有卡双盖 镭射破闲鱼潇潇验货宝,18109,5600,11293,24 08.07,2024,19723798？,,
06.06.,cf中号 深蓝银荔枝 15开 闲鱼大圆子验货宝hubby,23609,6368,10060,24 10.08,2024,15449883,,
06.06.,coco小号 白金荔枝 24开有卡 小徐hubby,18500,5500,10039,25 03.01,2025,24021749,l1,
06.06.,boy28 黑银漆皮 20开 闲鱼小孩验货宝hubby,6579,2680,7310,24 13.10,2024,20493423,,
06.06.,boy25 黑金牛 22开有卡 欢吾 hubby 闲鱼努力,14500,4300,7445,24 02.08,2024,22003446,,
06.06.,流浪小号黑白 25开有卡 一雄 hubby,9500,2975,5780,25 05.04,2025,25358923,,
07.06.,流浪小号黑白 25开有卡尘袋 闲鱼猫的验货宝,9579,2990,5890,24 03.08,2024,25699511,,
07.06.,boy25 黑金荔枝 28开 闲鱼诚心验货宝,22609,5618,7282,24 20.08,2024,28917402,,
07.06.,pst 黑银荔枝 12开 有卡闲鱼秋天验货宝,8179,2930,7033,24 14.07,2024,12289022,,
07.06.,boy25 灰金荔枝25开 闲鱼年终验货宝,17109,5000,9594,24 26.08,2024,25407660,,
07.06.,boy25 银银荔枝 24开有卡 迷,14800,4325,7681,25 07.02,2025,24771116,,
07.06.,boy20 雾霾蓝金牛 27开 迷,12700,3800,7017,24 05.07,2024,27277897,,
09.06.,jumbo黑银羊单盖 13开 邹泰文,14000,3900,6486,24 05.07,2024,13709118,,
09.06.,cf中号 黑银荔枝12开有卡 邹泰文,26000,6900,10787,24 15.07,2024,12325003,,
09.06.,cf中号 黑金荔枝13开 邹泰文,21500,6800,14330,24 20.08,2024,13475708,7.12老爹带回，已拿回,
09.06.,cf中号 黑金羊 19开 邹泰文,20000,5900,11091,24 10.07,2024,19696948,,
09.06.,boy25 黑银羊 23开有卡 邹泰文,14800,4200,7312,25 12.02,2025,23248889,,
09.06.,大mini 军绿银荔枝皮 17开 邹泰文,17000,4800,8259,24 12.07,2024,17026344,,
09.06.,boy28 黑银荔枝20开 邹泰文,17000,4878,8886,24 19.08,2024,20002898,,
09.06.,cf中号 黑金荔枝 23开 邹泰文,32000,8068,10643,24 03.07,2024,23318748,,
09.06.,翻盖深蓝银牛 23开有卡 邹泰文,9500,2980,6072,24 18.07,2024,23811529,,
09.06.,boy25黑银荔枝 25开 邹泰文,22000,5700,7588,24 12.07,2024,25701086,,
09.06.,boy20 深红金羊 19开 邹泰文,10500,3300,6519,24 30.06,2024,19617244,,
12.06,季节翻盖jumbo 深蓝金羊21开有卡票 闲鱼爱生活验货宝,11451,3300,5631,24 17.07,2024,21750370,,
12.06,cf中号桃粉银羊 18开有卡尘袋 望京,19000,5500,10012,24 13.07,2024,18456650,,
12.06,boy25 黄金羊 22开有卡票 闲鱼上海验货宝hubby,9579,3184,6834,24 28.07,2024,18456650,,温州 24.08.18✔️46个/7月31日出货和8月8日出货
12.06,jumbo 黑金荔枝双盖 14开 闲鱼靠谱验货宝hubby,20639,6268,12625,24 17.08,2024,14851528,,
12.06,boy25 黑银荔枝v纹 24开 鸿诚 hubby,18300,5475,10561,24 08.08,2024,24660706,,
13.06,boy25 深蓝金荔枝 25开有卡闲鱼bobby验货宝,14109,4474,9427,24 05.12,2024,25806692,,
13.06,boy25 深蓝银荔枝 v纹 24开 闲鱼验货宝hubby,13109,4180,8853,25 23.11,2025,24656694,,
15.06,cf中号黑银荔枝 14开 吕杰hubby,23500,6900,13047,24 10.08,2024,14444351,,
16.06,boy20 深蓝银牛 26开尘袋 闲鱼卖奢品验货宝hubby,12134,3900,8148,24 25.07,2024,26419947,,
16.06,boy20 黑银荔枝 25开 闲鱼向阳验货宝hubby,18809,5617,10765,24 13.07,2024,25408701,,
17.06,gst黑银荔枝 15开 闲鱼奢奢验货,8800,2930,6413,24 13.07,2024,15700457,,
17.06,boy25 黑银羊 18开 闲鱼华南验货宝hubby,14009,4100,7411,24 01.08,2024,18264190,,
18.06,boy25 黑金牛 20开 迷,16000,4285,6412,24 02.08,2024,20276362,,
18.06,pst 黑金荔枝 14开 闲鱼百年验货宝hubby,8579,2900,6483,24 29.07,2024,14110838,,
19.06,boy28 黑银羊 21开 奢收多,11000,3880,9350,24 21.07,2024,21473990,,
19.06,大mini黑金羊 v纹 27开有卡 闲鱼诺贝尔验货宝hubby,19109,5318,9121,24 21.08,2024,27276205,,
19.06,jumbo单盖黑银荔枝 13开有卡 in hubby,17000,4800,8215,24 25.07,2024,13375724,,
19.06,cf中号黑银荔枝 18开 鼎盛 hubby,24500,7200,13657,24 08.12,2024,18566398,,
20.06,古巴25cm 黑荔枝 23开有卡尘袋盒子 陈真,11200,3390,6709,24 30.08,2024,23579986,,
20.06,boy25 大格黑银羊 18开有卡 迷,11500,3818,8547,24 21.08,2024,18152125,,
20.06,2.55 28cm黑金牛 13开 闲鱼梨子验货宝hubby,11609,3900,8674,24 25.07,2024,13114927,,
22.06,流浪小号黑白 26开有卡票 闲鱼西周验货宝,9999,2700,3922,25 09.12,2025,26782790,,
24.06,boy20 v纹深蓝金 28开 老陈hubby,16000,4518,7668,24 02.08,2024,28457263,,
24.06,古巴25cm 黑荔枝 25开 老陈hubby,11000,3480,7137,24 10.07,2024,25330436,,
25.06,jumbo黑银荔枝 双盖 15开尘袋闲鱼甜城验货宝hubby,23609,6100,8688,24 07.08,2024,15170125,,
25.06,boy25黑银荔枝 v纹 29开票尘袋盒子 闲鱼取名字验货宝hubby,16609,5025,9941,24 26.10,2024,29627330,,
26.06,boy25 珠光粉金牛v纹 25开有卡 闲鱼melody验货宝hubby,11109,3800,8650,24 29.07,2024,25666101,,
26.06,cf中号情人节粉金羊 19开有卡 闲鱼vinta验货宝hubby,13109,4600,10939,24 26.07,2024,19287358,,
26.06,boy28 枣红金羊 23开票尘袋盒子 梦梦,9500,3218,7304,24 31.07,2024,23314355,,
26.06,戴安娜22cm杏金羊 20开奢收多,6500,3700,12906,24 17.08,2024,20938845,,
26.06,jumbo黑银荔枝双盖 23开 米兰hubby,24000,6400,9842,24 10.08,2024,23409207,,
27.06,boy25黑银荔枝 23开尘袋盒子闲鱼新德里验货宝hubby,18409,5360,10265,24 23.08,2024,23138937,,
28.06,boy25 浅棕金荔枝20开尘袋闲鱼开心验货宝hubby,13109,4100,8508,24 13.08,2024,20153348,,
29.06,gst黑金荔枝 14开 vvv,8500,2950,6823,24 22.07,2024,14070758,,
29.06,jumbo白银荔枝 单盖 12开有卡 奢收多,12000,4100,9368,24 03.08,2024,12916702,,
29.06,coco大号黑银荔枝 24开 奢收多,16000,4487,7680,24 02.08,2024,24269132,,
29.06,cf中号黑金牛 金角 26开有卡 奢收多,13000,4600,11025,24 29.11,2024,26036069,,
29.06,2.55 266 黑金牛 13开 奢收多,10000,3550,8521,24 05.09,2024,13081205,,
30.06,流浪小号 全蓝24开 闲鱼AB验货宝,8779,2750,5292,24 11.10,2024,24314870,,
30.06,流浪小号 蓝黑 26开有卡 闲鱼小jim验货宝,9579,3050,6292,24 20.08,2024,26908587,,
30.06,jumbo黑金羊 16开 闲鱼羊猫猫验货宝,17809,4700,7037,24 23.08,2024,16576618,,
30.06,jumbo单盖黑金羊 14开有卡 闲鱼佛曰验货宝,14109,4200,7871,24 09.08,2024,14057770,,
30.06,jumbo双盖黑金羊 15开 闲鱼佛曰验货宝,18109,4668,6601,24 20.08,2024,15668545,,
30.06,cf中号 白银荔枝 12开 有樂,16800,5375,11643,25 28.02,2025,12868844,,
30.06,cf中号深粉金羊 v纹 21开有卡 邹泰文,15000,4600,9149,24 04.08,2024,21168260,,
30.06,翻盖浅粉金羊 18开有卡 闲鱼巴巴验货宝hubby,8079,2600,5617,25 21.02,2025,18765967,,
30.06,pst黑金荔枝 18开质库hubby,8200,2968,7240,24 02.08,2024,18879881,,
30.06,cf中号黑金羊 19开尘袋 佰诺hubby,21500,6200,11142,24 25.07,2024,19851305,,
01.07.,jumbo黑金荔枝双盖 15开 闲鱼奢侈验货宝hubby,20609,5870,10233,25 11.02,2025,15156976,,
01.07.,cf中号浅粉金羊 情人节 19开 闲鱼莱比锡验货宝,15409,4580,8525,24 30.07,2024,19208295,,
01.07.,2.55 226深红银牛 13开有卡尘袋盒子 闲鱼奥特曼验货宝,9079,3370,8729,24 05.09,2024,13983682,,
01.07.,2.55 227 黑金牛 14开有卡尘袋 闲鱼雨都验货宝,10609,3550,8272,24 24.08,2024,14274686,,
01.07.,2.55 226 黑金牛 14开尘袋 闲鱼戴安娜验货宝,12909,3892,7320,24 25.07,2024,14117808,,
01.07.,2.55 227 黑金牛 14开 闲鱼myth验货宝,10609,3700,8533,25 10.02,2025,14500494,,
02.07.,boy25黑金荔枝 27开 邹泰文,21000,5600,8551,24 03.08,2024,27180042,,
02.07.,相机包深蓝黑 24开 邹泰文,12700,3680,6423,24 20.10,2024,24869917,,
02.07.,cf中号黑金荔枝 12开 邹泰文,25000,6935,11513,25 22.01,2025,12888745,,
02.07.,boy25黑银荔枝v纹 29开邹泰文,17500,5100,9509,24 16.10,2024,29436814,,
02.07.,boy25 深灰银牛宫廷 19开 邹泰文,14000,4400,9038,24 31.07,2024,19693902,,
02.07.,2.55 226黑银牛 12开 奢收多,12300,3720,7252,24 25.09,2024,12456209,,
02.07.,2.55 226黑银牛 16开 奢收多,10500,3750,9141,24 05.09,2024,16874741,,
02.07.,流浪小号黑 28开 奢收多,14200,3948,6463,24 16.08,2024,28403593,,
02.07.,boy28 黑金荔枝 20开 奢收多,17000,4958,8993,24 27.07,2024,20179829,,
03.07.,大mini古铜金羊 21开 闲鱼贝贝验货宝hubby,7579,2990,8075,24 23.08,2024,21622088,,
03.07.,cf中号 炭灰银羊 16开有卡票尘袋盒子闲鱼一拍验货宝hubby,17170,5650,13152,24 27.08,2024,16898494,,
03.07.,boy25深蓝金羊 22开闲鱼奢点验货宝hubby,12109,3800,7750,24 17.08,2024,22216140,,
03.07.,boy20深粉金荔枝 23开闲鱼杨小验货宝hubby,14109,4200,7831,24 10.08,2024,23876862,,
03.07.,coco小号 竹子绿金荔枝 24开有卡票尘袋jason hubby,20800,5400,7660,24 28.07,2024,24024605,,
03.07.,cfmaxi 黑银荔枝 双盖有卡 14开 奢收多,18500,5100,8481,24 30.08,2024,14394880,,
03.07.,2.55 225 黑金牛 13开 奢收多,11500,4344,11344,24 05.09,2024,13724488,,
04.07.,流浪中号蓝黑 26开 奢收多,7500,2480,5259,24 18.09,2024,26496880,,
04.07.,pst黑金荔枝 16开质库hubby,7800,3000,7815,24 01.08,2024,16023660,,
05.07.,boy25黑金荔枝 27开尘袋闲鱼水蜜桃验货宝,19409,5500,9900,24 27.09,2024,27291845,,
05.07.,jumbo黑金羊双盖 16开 奢收多,17000,4700,7655,24 02.08,2024,16616175,,
06.07.,jumbo黑银荔枝 单盖 12开 闲鱼公主验货宝hubby,17109,4800,7944,24 15.12,2024,12437694？,,
06.07.,boy25黑金羊 23开有卡 闲鱼ss验货宝hubby,13709,4200,8391,24 23.08,2024,23288369,,
07.07.,流浪小号黑 24开有卡 奢收多,14000,4218,8009,24 30.07,2024,24191967,,
08.07.,boy25浅灰银荔枝 28开有卡尘袋闲鱼龙泉验货宝hubby,14309,4800,10752,24 22.11,2024,28674822,,
08.07.,大mini枣红银荔枝 20开有卡 陈xx hubby,19000,5170,8336,24 08.09,2024,20038214,,
08.07.,2.55 226 黑金牛 13开有卡 陈xx hubby,11500,3600,7190,24 20.10,2024,13704792,,
08.07.,jumbo黑银羊 双盖 18开 闲鱼不接验货宝,17009,4840,8102,24 31.12,2024,18263705,,
09.07.,流浪小号蓝黑 25开尘袋闲鱼不接验货宝hubby,8579,2900,6838,25 18.04,2025,25621780,,
09.07.,古巴红金荔枝 25开有卡 闲鱼展兔验货宝hubby,9479,2700,4833,25 22.07,2025,25337180,,
09.07.,boy25浅灰金荔枝 27开闲鱼grace验货宝hubby,11109,4800,14147,24 16.08,2024,27329887,,
09.07.,2.55 227 黑金牛 14开 闲鱼昆明验货宝,8604,3630,10250,25 25.02,2025,14746256,,
09.07.,cf中号黑金荔枝 19开尘袋 奢收多,30000,7872,12016,24 18.08,2024,19403225,,
09.07.,2.55 226 黑金牛 13开有卡尘袋 奢收多,12700,3620,6312,24 24.09,2024,13897519,,
10.07,cf中号黑金荔枝 13开 奢收多,27000,7550,13187,24 18.08,2024,13984065,,
10.07,gst肉桂银荔枝 12开 闲鱼穿拖鞋验货宝,6699,2390,5693,24 23.09,2024,12049838,,
10.07,翻盖黑金羊 21卡有卡票尘袋盒 闲鱼大圆子验货宝,16109,4580,8156,24 05.08,2024,21813663,,
10.07,boy25 黑金荔枝 26开 闲鱼jump验货宝,19109,5680,10894,24 01.09,2024,26499444,,
10.07,boy25 渐变银荔枝 25开尘袋盒子 闲鱼精品验货宝,18709,5580,10884,24 03.08,2024,25369772,,
11.07,相机包中号黑金荔枝 29开 百格hubby,13800,3800,6254,24 14.09,2024,29787242,,
11.07,大mini黑金羊v 24开有卡票尘袋盒子 小敏hubby,18500,5250,9602,24 14.09,2024,24319813,,
11.07,boy25 黑金牛 20开有卡尘袋盒子 闲鱼火星验货宝,12609,4300,10155,24 18.08,2024,20317664,,
11.07,gst深蓝金荔枝 18开 闲鱼镜泊验货宝,7104,2672,6741,24 14.08,2024,18896145,,
11.07,cf中号浅蓝银羊 27开 闲鱼chris验货宝,18609,5518,10477,24 02.08,2024,27132065,,
11.07,大mini桃粉金羊 21开有卡 邹泰文,14000,4100,7409,24 05.08,2024,21965565,,
11.07,cf小号黑银羊 27开票 邹泰文,22000,6300,11389,24 02.08,2024,27778631,,
11.07,cf中号情人节黑金羊 13开邹泰文,10000,3918,10551,24 21.08,2024,13436527,,
11.07,19bag中号鲜绿金羊 30开闲鱼小姐验货宝hubby,15609,4400,7591,24 20.08,2024,30073072,,
12.07,流浪中号黑 26开 闲鱼雨验货宝hubby,9079,2600,4441,24 20.09,2024,26203128,,
12.07,woc31开黑金荔枝 大全套 本地客人ig ng 3000新,16226,3875,4732,24 22.07,2024,,,
12.07,流浪小号黑v 27开 闲鱼tow验货宝hubby,12409,3768,7284,24 30.08,2024,27286287,,
12.07,coco小号 深银荔枝 28开 闲鱼龙泉验货宝hubby,20609,5036,6519,25 18.09,2025,28413366,,
12.07,maxi黑金荔枝双盖 17开有卡 龙龙hubby,19500,5318,8695,24 22.08,2024,17397499,,
12.07,大mini深蓝 25开有卡尘袋 富贵,17000,4480,6501,24 03.08,2024,25706017,,
12.07,流浪小号黑白 27开有卡 奢收多,8500,2730,6023,25 14.10,2025,27633253,,
13.07,cf中号黑银荔枝 19开有卡 闲鱼酒吧验货宝hubby,32149,7718,8701,24 31.07,2024,19879105,,
13.07,大mini tiffiny蓝银羊 19开有卡尘袋闲鱼奢侈验货宝hubby,15109,4450,8460,24 29.08,2024,19392527,,
14.07,手提翻盖湖蓝荔枝21cm 23开闲鱼旺旺验货宝,9279,2600,3945,24 14.12,2024,23606972,,
14.07,gst黑金荔枝 11开 闲鱼西瓜验货宝,8679,2830,6030,24 18.08,2024,11968336,,
14.07,流浪小号蓝拼黑 27开有卡 闲鱼brave验货宝hubby,8979,3180,7446,24 14.08,2024,27053280,,
15.07,boy25 草绿银荔枝 23开尘袋 闲鱼米兰验货宝,13709,4280,8603,24 31.10,2024,23159287,,
15.07,boy20灰金荔枝 23开尘袋 闲鱼人间验货宝hubby,17709,4700,7285,24 25.08,2024,23970000,,
16.07,cf中号粉银羊19开有卡 闲鱼奢侈验货宝,17109,4800,8450,24 26.08,2024,19373971,,
16.07,沙滩mini粉 芯片尘袋闲鱼宝贝验货宝hubby,12109,3400,5600,24 24.11,2024,le09hle1,,
16.07,19bag小号白金羊 芯片 闲鱼偷牧草验货宝hubby,18309,4800,7078,25 25.03,2025,PTUKAPHC,,
17.07,boy20黑银荔枝 27开有卡 邹泰文,19000,5430,9727,24 01.09,2024,27874735,,
17.07,boy25深蓝金荔枝 v纹26开有卡 邹泰文,15000,4500,8922,24 16.09,2024,26596401,,
17.07,jumbo黑银荔枝双盖14开有卡 邹泰文,21000,5700,8940,25 10.02,2025,14996398,,
17.07,2.55 227 14开 邹泰文,10500,3330,6802,24 03.10,2024,14501026,,
17.07,boy20黑白编织23开有卡 邹泰文,9800,3300,7477,24 21.09,2024,23556354,,
17.07,jumbo桃粉金羊17开有卡 邹泰文,15500,4500,8113,24 14.10,2024,17913630,,
17.07,boy20橘红银荔枝 26开邹泰文,12000,3600,6779,24 10.11,2024,26594998,,
17.07,BOY20肉粉金荔枝v纹 25开有卡票 闲鱼书院验货宝hubby,17109,4492,6404,24 11.08,2024,25585047,,
17.07,翻盖粗链深粉金羊 29开有卡 江江hubby,12800,4100,8803,25 30.10,2025,29128200,,
18.07,方胖红粉金荔枝 23开有卡 闲鱼一拍验货宝hubby,17300,4800,8037,24 28.08,2024,23754806,,
18.07,gst1黑金荔枝 16开 砰砰hubby,9000,2990,6563,24 10.08,2024,16690219,,
18.07,大mini深粉金羊金球 30开有卡 大壳hubby,18500,4990,8865,25 16.06,2025,30017544,,
19.07,沙滩包深蓝 30开闲鱼大大验货宝hubby,11109,3360,6570,24 13.09,2024,30249666,,
19.07,coco小号黑金荔枝 v纹 26开尘袋 闲鱼secret验货宝hubby,25109,6525,9236,24 14.11,2024,26350830,,
19.07,jumbo黑银羊双盖 20开有卡 闲鱼axm验货宝hubby,18137,4850,7038,25 15.01,2025,20004127,,
20.07,翻盖酒红金牛 23开 闲鱼718验货宝,7579,2500,5225,24 19.08,2024,23284082,,
20.07,jumbo深蓝银荔枝 19开 闲鱼萝卜验货宝hubby,20209,5400,8486,24 27.08,2024,19058078,,
20.07,2.55 深棕银荔枝 11开 闲鱼陶都验货宝hubby,10809,4280,11449,24 24.10,2024,11486115,,
21.07,boy25深红金荔枝 23开有卡 闲鱼玉米验货宝,13309,4300,9166,24 09.10,2024,23623462,,
21.07,boy20桃粉金牛 26开有卡尘袋 闲鱼奢侈验货宝,11909,3800,8138,24 27.09,2024,26994083,,
21.07,19bag中号深蓝金羊 30开闲鱼瑞锦验货宝hubby,16109,4700,8640,24 15.10,2024,30758651,,
21.07,jumbo黑金荔枝双盖 14开 闲鱼火星验货宝hubby,21109,5700,8649,25 16.01,2025,14321257,,
22.07,boy25黑银羊 18开有卡 lv尘袋闲鱼买包验货宝,12609,4100,8857,24 17.11,2024,18261884,,
22.07,流浪小号黑 24开尘袋 闲鱼爱喝验货宝,12909,3900,7603,24 04.09,2024,24982310,,
22.07,cf中号杏银羊 14开有卡 闲鱼沁心验货宝,17609,4800,7800,24 27.09,2024,14855162,,
22.07,小号19bag黑金羊 30开 闲鱼鲸鱼验货宝,20109,5818,10912,24 24.08,2024,30475971,,
22.07,maxi黑金荔枝单盖 13开 闲鱼今儿验货宝,14924,4500,8786,24 19.08,2024,13864939,,
22.07,jumbo深蓝银荔枝 19开 闲鱼秘密验货宝hubby,17109,4570,6950,24 07.09,2024,19074195,,
22.07,trendy cc 小号黑金羊 24开尘袋 闲鱼lina验货宝hubby,14609,4450,8820,24 18.08,2024,21444361,,
22.07,jumbo黑银荔枝 双盖 14开 闲鱼天文验货宝hubby,19609,5900,11611,24 12.09,2024,14772417,,
22.07,jumbo浅粉银羊双盖18开 吉嘉hubby,16000,4500,7489,24 17.10,2024,18563239,,
22.07,boy28湖蓝金牛v纹 24开有卡尘袋 慕格hubby,8600,3400,9169,24 04.09,2024,24178087,,
23.07,jumbo黑金荔枝 双盖 15开 闲鱼me验货宝,20109,6268,13168,24 03.09,2024,15678125,,
23.07,cf中号黑金羊23开尘袋 闲鱼羽田验货宝,21109,6168,11881,24 26.08,2024,23535958,,
23.07,相机中号黑荔枝 26开有卡盒子闲鱼luxe验货宝hubby,14409,3990,6491,24 12.11,2024,26429329,卡不见了，应该在验货宝,
23.07,maxi湖蓝银荔枝双盖 17开 闲鱼酷酷验货宝hubby,11109,3900,9241,24 24.10,2024,17891591,,
24.07,cf中号白银羊 22开有卡 闲鱼包买验货宝,16109,4800,8894,24 05.10,2024,22493681,,
24.07,cf中号黑金羊 21开尘袋 闲鱼不冰验货宝,20609,6380,13531,24 28.08,2024,21743007,,
24.07,cf中号深粉金羊 18开 闲鱼包买验货宝,15609,5040,10488,25 03.01,2025,18144005,us1,
24.07,boy20白金牛 20开 闲鱼ab验货宝hubby,12209,3580,6398,24 14.08,2024,20501992,,
25.07,cf中号粉金羊情人节 19开有卡尘袋 闲鱼佳哥验货宝,14609,4600,9770,24 29.08,2024,19288316,,
25.07,翻盖粗链深蓝金羊 29开有卡尘袋 闲鱼奢侈验货宝hubby,14309,4180,8128,24 18.09,2024,29493653,,
25.07,maxi黑金羊双盖 14开有卡尘袋2个 闲鱼卖包验货宝hubby,15309,4410,8074,24 06.09,2024,14381203,,
26.07,cf中号粉金羊16开有卡尘袋 闲鱼伯尔尼验货宝,17109,5100,9923,24 05.09,2024,16326397,,温州 24.10.14✔️41个/10月6日出货
26.07,boy25深蓝银荔枝 25开 闲鱼爱吃验货宝,12109,4500,11411,24 10.12,2024,25676634,,
26.07,boy20深紫金荔枝 30开 闲鱼tb验货宝hubby,10616,4600,13329,24 21.11,2024,30547352,,
27.07,boy25黑银牛宫廷 19开闲鱼识物验货宝,13409,4700,11256,24 10.10,2024,19632564,,
27.07,jumbo黑银羊单盖 14开 lv尘袋两个 闲鱼重庆验货宝,11509,3900,9180,24 13.09,2024,14266724,,
27.07,boy25浅绿银荔枝 25开 闲鱼nn验货宝hubby,13109,4300,9515,24 23.08,2024,25158957,,
28.07,翻盖深蓝金羊 21开 闲鱼可爱验货宝,11109,3600,7445,25 24.01,2025,21758764,,
28.07,cf中号黑金荔枝 18开 闲鱼上海验货宝,29609,8250,14611,24 20.09,2024,18658888,,
28.07,boy20黑金荔枝 24开有卡尘袋盒子闲鱼渔小渔验货宝,19809,5500,9687,24 06.09,2024,24282269,,
28.07,coco小号黑银荔枝 v纹28开有卡尘袋盒子 闲鱼卖包验货宝hubby,25109,6200,7838,24 10.12,2024,28875054,,
29.07,cf中号黑金荔枝 18开 闲鱼ss验货宝,30349,8200,13788,24 17.09,2024,18091692,,
28.07,boy25黑银牛宫廷 19开尘袋 闲鱼青青验货宝,14809,4600,10108,25 10.05,2025,19632817,,
28.07,gst黑银荔枝 15开 闲鱼刘验货宝hubby,9079,2950,6412,24 25.08,2024,15148644,,
28.07,相机中号黑金荔枝 26开有卡尘袋 闲鱼男人验货宝hubby,14709,3900,5682,25 01.03,2025,26143760,,
29.07,cf中号黑金羊情人节 19开有卡 闲鱼包治验货宝,17000,4800,8622,24 25.08,2024,19186957,,
29.07,cf中号粉金羊情人节 19开尘袋 闲鱼就是验货宝,15409,4300,6932,24 20.12,2024,19203212,,
29.07,2.55 226黑金牛 15开 闲鱼爱马验货宝,10609,3650,8457,24 06.09,2024,15685903,,
29.07,翻盖黑金牛小v纹金币 19开有卡尘袋 闲鱼sweety验货宝,9679,3225,6966,24 13.11,2024,19028504,,
29.07,cf中号黑金羊13开 邹泰文,18000,5900,13110,24 19.11,2024,13878758,,
29.07,jumbo黑银羊16开双盖 邹泰文,15500,5000,10767,25 16.02,2025,16859371,,
29.07,boy25黑银荔枝 27开邹泰文,19000,5518,10218,24 14.08,2024,27320433,,
30.07,jumbo黑银羊 14开有卡票尘袋 闲鱼武汉验货宝,17609,4740,7186,24 15.11,2024,14996570,,
30.07,cf中号黑金羊 15开 闲鱼6868验货宝,19609,5290,8329,24 02.10,2024,15470137,,
30.07,cf中号黑金羊 26开尘袋盒子 华古汇,21700,6540,13062,24 11.10,2024,26718562,,
30.07,cf中号深蓝金荔枝 21开尘袋闲鱼bob验货宝hubby,22109,6580,12631,24 23.10,2024,21820543,,
30.07,翻盖深灰银荔枝 19开闲鱼塔克验货宝hubby,9779,2900,5363,24 12.09,2024,19947207,,
30.07,chic中号深粉金羊 21开闲鱼绵绵验货宝hubby,8779,3150,7603,24 20.09,2024,21811475,,
31.07,jumbo黑银荔枝单盖13开有卡 闲鱼leo验货宝hubby,15609,4680,9171,24 02.10,2024,13620738,,
31.07,翻盖灰绿 15开有卡闲鱼睫毛验货宝,7579,2460,5114,24 02.10,2024,15390749,,
31.07,boy25黑银羊 20开 米兰,12800,4100,8500,24 16.12,2024,20899169,,
31.07,cf中号杏金荔枝 15开尘袋 翰乾,22000,6330,11729,24 09.09,2024,15992570,,
31.07,cf中号黑金荔枝 17开尘袋 翰乾,26500,7450,12924,24 18.12,2024,17907184,,
31.07,maxi黑金荔枝双盖 15开 奢厘子,18000,5240,9720,24 05.09,2024,15365046,,
01.08.,2.55 227 黑银牛 13开 闲鱼神仙验货宝,8500,3925,11674,25 07.01,2025,13450341,,
01.08.,jumbo黑金荔枝 单盖 胡玉慧,18200,4900,7270,25 01.01,2025,13940406,,
01.08.,boy28黑银牛大格 18开有卡闲鱼出闲置验货宝hubby,7700,3048,8072,24 08.09,2024,18653619,,
02.08.,大mini深蓝金羊 21开有卡尘袋盒子 闲鱼彬彬验货宝hubby,17109,4900,8915,24 01.09,2024,21567876,,
02.08.,cf中号黑金羊 20开 闲鱼你若验货宝,19609,6278,13846,24 11.09,2024,20001893,,
03.08.,gst 灰银荔枝 闲鱼锦奢验货宝,8079,2700,5987,24 20.09,2024,13329700,,
03.08.,boy20肉粉金荔枝 27开尘袋盒子 小敏,14700,4600,9316,25 14.01,2025,27446620,,
03.08.,cf中号黑银羊 19开闲鱼糊糊验货宝,20609,5800,10147,24 30.08,2024,19058036,,
03.08.,boy25红金荔枝 26开有卡 闲鱼赫尔希验货宝hubby,14109,4350,8500,24 15.12,2024,26146320,,
03.08.,cf中号黑银羊 13开尘袋盒子 闲鱼奢侈验货宝hubby,15409,5500,14039,24 20.09,2024,13979094,,
03.08.,大mini黑银羊 23开有卡票 闲鱼小木验货宝hubby,19159,5400,9561,24 09.09,2024,23206718,,
03.08.,cf中号黑金荔枝 19开尘袋 闲鱼明天验货宝hubby,27118,8170,16795,24 17.09,2024,19054228,,
03.08.,cf中号黑金荔枝 19开 闲鱼雪儿验货宝hubby,31149,8200,12053,25 23.01,2025,19702356,,
04.08.,pst深红银荔枝 18开尘袋 闲鱼今验货宝hubby,6279,2480,6634,24 03.09,2024,18025847,,
04.08.,jumbo黑金羊双盖 19开有卡票 闲鱼雾都验货宝,18609,4900,7500,24 19.09,2024,19134796,,
04.08.,jumbo黑金荔枝单盖 13开 闲鱼二奢验货宝,17109,4840,8174,24 25.10,2024,13095837,,
04.08.,boy28浅粉银羊 20开 闲鱼闲里验货宝,9679,3220,6974,24 17.10,2024,20252754,,
04.08.,maxi黑金羊双盖 16开 闲鱼rio验货宝,14609,4400,9266,24 19.09,2024,16282565,,
04.08.,大mini 桃粉银羊 28开有卡 闲鱼in验货宝,15109,4500,8701,24 24.08,2024,28694713,,
04.08.,jumbo黑金荔枝单盖 13开 闲鱼蜂蜜验货宝,16109,4925,9603,24 26.10,2024,13566397,,
04.08.,boy25灰金荔枝 26开有卡尘袋 闲鱼薄如验货宝,14130,4625,9830,25 05.01,2025,26177455,,
05.08.,cf中号黑金荔枝 21开 翰乾,31500,8200,12348,24 04.09,2024,21637698,,
05.08.,cf中号黑金荔枝 18开 翰乾,27500,7675,12804,25 20.01,2025,18039342,,
05.08.,pst黑金荔枝 16开 闲鱼猫验货宝,7079,2780,7358,24 25.09,2024,16729975,,
05.08.,cf中号黑金羊 14开全套 闲鱼Richard验货宝,20109,6105,12362,24 09.10,2024,14022235,,温州 25.07.28✔️53个/7月17日出货
05.08.,jumbo黑金羊单盖 13开 闲鱼红星验货宝,13309,4250,9036,24 06.09,2024,13836293,,
05.08.,boy28黑银牛 23开闲鱼西瓜验货宝,11609,4476,11829,24 18.10,2024,23324902,,
05.08.,boy25黑金荔枝 25开有卡尘袋 闲鱼蜡笔验货宝,19109,5500,9957,24 10.11,2024,25164122,,
05.08.,jumbo黑金荔枝单盖 13开 闲鱼娜娜验货宝,16609,4900,9275,24 06.12,2024,13576221,,
06.08.,方胖深灰银羊 16开 闲鱼车厘子验货宝,15617,4300,7000,24 26.09,2024,16873577,,
06.08.,cf中号黑银荔枝 14开 闲鱼好货验货宝,22109,7200,15900,24 25.10,2024,14010863,,
06.08.,coco小号粉金荔枝 27开有卡 闲鱼young验货宝,21109,5800,9903,24 17.09,2024,27574958,,
06.08.,boy20深蓝金荔枝v纹 25开 闲鱼大肥验货宝,13609,3990,7422,25 16.11,2025,25260410,,
06.08.,boy25黑金羊 21开 闲鱼水蜜桃验货宝,11409,4180,10628,24 28.08,2024,21596951,,
06.08.,jumbo黑金荔枝单盖 13开 闲鱼rio验货宝,16609,4900,9528,24 01.10,2024,13934989,,
07.08.,boy25黑银荔枝 19开 奢收多,16000,5276,12057,24 14.09,2024,19887572,,
07.08.,chic翻盖中号深蓝金羊 21开有卡 闲鱼jun验货宝,11109,3750,8319,24 02.12,2024,21809609,,
07.08.,gst黑金荔枝 11开 闲鱼般若验货宝,8579,2920,7274,24 10.09,2024,11968607,,
08.08.,cf小号黑金荔枝 15开 奢收多,26800,8300,17252,24 11.10,2024,15173318,,
09.08.,jumbo黑金荔枝单盖 闲鱼12开 闲鱼优雅验货宝hubby,15109,4800,9847,25 16.01,2025,12967302,,
11.08,戴安娜黑金羊28cm 20开有卡 闲鱼莱比锡验货宝,12109,5500,16845,24 09.10,2024,20734696,,
11.08,boy25黑银牛宫廷 19开 闲鱼一只验货宝,11109,4500,13192,25 10.06,2025,19686737,,
11.08,boy20彩虹荔枝 25开有卡尘袋盒子 闲鱼奢侈验货宝hubby,18809,5800,12005,24 08.10,2024,25506197,,
11.08,大mini深蓝金荔枝 21开有卡 闲鱼招招验货宝hubby,19609,5580,9949,24 08.09,2024,21840729,,
14.08,cf中号黑金羊 19开 闲鱼简单验货宝hubby,17909,6300,15166,24 06.11,2024,19618258,,
14.08,2.55 226 黑金牛 13开有卡 闲鱼孤独验货宝hubby,9879,3615,8735,24 21.12,2024,13897404,,
14.08,cf中号黑银荔枝 12开 翰乾,25000,6700,10435,24 13.10,2024,12620011,,
14.08,boy25黑银牛 22开尘袋 闲鱼cali验货宝,12109,4125,9324,24 16.11,2024,22206829,,
14.08,coco小号鲜绿金荔枝 25开有卡 闲鱼卷王验货宝,20109,5417,8724,24 28.09,2024,25787413,,
14.08,邮差深蓝荔枝 25开有卡票全套闲鱼zip验货宝,9079,2580,4389,24 09.09,2024,25360914,,
15.08,cf中号黑金荔枝 21开有卡票 翰乾,30700,8650,15738,24 14.09,2024,21455214,,
15.08,boy25深蓝金羊 24开 闲鱼挪威验货宝hubby,8899,3580,9798,24 22.09,2024,24838718,,
15.08,boy20深棕银荔枝 26开有卡 闲鱼珂珂验货宝,12109,4200,10594,25 07.05,2025,26648976,3.18香港麻麻拿回04，已回来,
15.08,boy20黑银荔枝 26开有卡票尘袋闲鱼清朝验货宝,18609,5300,9117,24 20.12,2024,26491715,,
15.08,boy20白金牛 20开有卡闲鱼cup验货宝,10115,3280,6810,24 14.10,2024,20616368,,
15.08,boy25绿蓝金荔枝 闲鱼奢厘子验货宝,12409,4300,10264,24 27.09,2024,25485347,,
16.08,2.55 226黑金牛 17开 闲鱼薇薇验货宝,9079,3900,11151,24 29.11,2024,17474334,,
17.08,mini沙滩包浅粉 21开 闲鱼长樱验货宝hubby,8679,2780,5969,25 17.04,2025,21897946,,
17.08,jumbo黑银荔枝 16开有卡 闲鱼二手验货宝hubby,20409,5337,7638,25 02.04,2025,16171537,,
17.08,jumbo黑银荔枝单盖 13开 闲鱼正在验货宝hubby,16509,4780,8569,25 25.03,2025,13577832,,
17.08,cf小号黑金羊 13开尘袋 闲鱼土星验货宝,17109,5800,13602,24 17.10,2024,13280874,,
18.08,jumbo黑金羊双盖 15开 闲鱼tow验货宝,16609,4850,8738,24 16.12,2024,15929845,,
19.08,gst黑金荔枝 11开 闲鱼钢铁验货宝,8679,2890,6200,24 06.10,2024,11607760,,
19.08,沙滩包白棕 29开有卡 闲鱼阿宿验货宝,8579,3113,8346,25 21.05,2025,29688156,,
19.08,cf中号黑金荔枝 21开 闲鱼芒果验货宝,25109,7960,17155,25 17.02,2025,21459285,,
19.08,boy20红银荔枝 25开有卡 闲鱼陈曦验货宝,13309,4200,8617,25 02.04,2025,25125499,,
19.08,邮差中号黑金荔枝 27开有卡 闲鱼曹操验货宝,19309,5340,9020,24 11.09,2024,27291564,,
19.08,gst黑金荔枝 19开 闲鱼leo验货宝,8879,2970,6706,24 16.09,2024,19248502,,
19.08,woc黑金颗粒牛 21开 闲鱼曹操验货宝,8279,2990,7358,25 13.03,2025,21979610,,
19.08,boy20浅粉金荔枝v纹 27开 闲鱼v哥哥验货宝,15309,4200,6438,25 23.01,2025,27950546,,
19.08,cf中号黑银羊 13开有卡 闲鱼漫雪验货宝hubby,18609,5800,11974,25 01.04,2025,13761572,,
19.08,方胖黑金羊v纹 21开 小敏hubby,16000,4600,7930,24 07.10,2024,21014411,,
20.08,boy28黑银荔枝 27 闲鱼水星验货宝,17309,4680,7391,24 22.09,2024,27054061,,
20.08,boy25黑银荔枝 19开有票 闲鱼金露验货宝hubby,17409,5200,9866,24 19.11,2024,19886852,,
20.08,boy25深蓝金羊22开 闲鱼time验货宝,11609,3580,6916,24 30.11,2024,22218371,,
21.08,jumbo黑金荔枝单盖 13开 闲鱼顿顿验货宝hubby,18109,4925,7886,24 08.12,2024,13156546,,
21.08,jumbo黑金羊双盖 19开 闲鱼奢奢验货宝hubby,11109,4555,12555,24 24.11,2024,19042133,,
21.08,19bag小号杏羊 30开有卡票尘袋 闲鱼gg验货宝hubby,18109,4900,7440,24 27.10,2024,30016254,,
21.08,boy25深蓝金羊24开 闲鱼喜马验货宝,10078,3510,8269,24 25.09,2024,24677613,,
21.08,trendy cc 小号绿金羊 20开有卡尘袋 闲鱼佳多宝验货宝,15109,4330,7763,24 10.09,2024,20375973,,
21.08,cf中号黑金荔枝v纹27开有卡 闲鱼ww验货宝,24109,7100,13250,24 17.11,2024,27643252,,
21.08,jumbo黑金羊双盖 18开 闲鱼卖奢侈验货宝,17409,4880,8149,24 10.12,2024,18463332,,
21.08,cf中号黑金荔枝25开 闲鱼水城验货宝,32149,8375,11723,24 29.10,2024,25032734,,
22.08,大mini深蓝银羊 28开有卡尘袋盒子 闲鱼抹茶验货宝,16109,4600,8542,24 15.09,2024,28560413,,温州 25.04.29✔️40个/4月18日出货
22.08,cf中号黑金羊24开有卡票尘袋盒子 闲鱼爱奢验货宝,21609,6500,12911,24 12.11,2024,24666437,,
22.08,boy20深蓝金荔枝26开有卡票尘袋盒 闲鱼糖糖验货宝hubby,16109,4480,7500,24 11.11,2024,26815656,,
22.08,cf中号黑金羊 8开有卡 闲鱼卖卖验货宝hubby,17909,5526,11170,24 18.10,2024,8789380,,
22.08,19bag小号深粉羊 29开有卡 奢收多香玉,15200,4380,7580,24 16.12,2024,29875593,,
22.08,流浪小号黑 26开有卡 闲鱼武汉验货宝,11109,3900,9170,24 18.10,2024,26488336,,
23.08,cf中号黑银羊 19开有卡票 邹泰文,20500,6000,11028,24 07.10,2024,19691127,,
23.08,cf中号黑金羊 19开有卡 邹泰文,20000,6235,13265,24 13.09,2024,19844557,,
23.08,cf中号黑银羊 18开 邹泰文,20000,6200,12600,24 18.12,2024,18802922,,
23.08,boy20黑银荔枝 19开 邹泰文,17000,5200,10331,24 04.12,2024,19908722,,
23.08,boy25黑金牛30开票 邹泰文,13000,4635,11564,24 11.09,2024,,,
23.08,jumbo黑银羊双盖 15开 邹泰文,17300,4740,7577,24 04.12,2024,15961307,,
23.08,大mini白银荔枝 20开有卡 邹泰文,18500,5500,10408,24 24.10,2024,20630064,,
23.08,jumbo黑金羊双盖 18开有卡 闲鱼来碗验货宝hubby,18609,5120,8135,24 15.11,2024,18464572,,
23.08,jumbo黑金荔枝双盖 14开有卡 闲鱼呵呵验货宝hubby,18632,6000,12781,24 03.11,2024,14952474,,
23.08,cf中号黑金羊 12开 奢收多香玉,17500,5875,13226,24 26.12,2024,12877412,,
23.08,boy20深蓝银羊 21开有卡尘袋盒子闲鱼方木验货宝,11609,3400,6067,24 02.11,2024,21219038,,
23.08,boy25黑金荔枝 24开 闲鱼吃瓜验货宝,18109,5300,9335,25 20.01,2025,24502603,,
24.08,boy25黑银荔枝 23开尘袋 闲鱼金陵验货宝,18109,4975,8000,24 25.10,2024,23134572,,
24.08,大mini拼色蓝绿 21开有卡 遇见 hubby,8300,3425,9349,24 24.10,2024,21439348,,
25.08,boy20白银荔枝 25开有卡 闲鱼冰岛验货宝hubby,10309,4156,11362,24 10.10,2024,25183054,,
25.08,戴安娜黑金羊 4开 闲鱼小竹子验货宝hubby,13609,4680,11000,24 16.10,2024,4538044,,
25.08,pst黑金荔枝 14开有卡 闲鱼t*验货宝hubby,8279,2950,7017,24 04.10,2024,14116387,,
25.08,chic浅粉金羊 21开 闲鱼毛茸茸验货宝hubby,8679,3100,7398,24 26.09,2024,21940406,,
25.08,pst深蓝银荔枝 18开 闲鱼卡莱验货宝,8609,2680,5213,24 10.10,2024,18990821,,
25.08,boy25深蓝金羊 24开尘袋盒子 闲鱼一嘉验货宝,9599,3610,9250,24 29.10,2024,24001222,,
26.08,boy20白金荔枝 27开有卡票尘袋 闲鱼沐沐验货宝hubby,12609,4380,10540,24 25.09,2024,27590215,,
26.08,cf中号黑金羊13开有卡 闲鱼fen验货宝hubby,17609,5700,12420,24 04.10,2024,13174914,,
26.08,jumbo黑金羊双盖 16开闲鱼举止验货宝,17409,4950,8203,25 03.01,2025,16273171,,
26.08,pst黑金荔枝 14开 闲鱼沉淀验货宝,7279,2600,6094,25 05.03,2025,14446010,,
26.08,trendy小号黑金羊25cm 19开 闲鱼卖奢侈验货宝,16309,4540,7655,24 01.10,2024,19388306,,
26.08,maxi黑金羊 14开有卡尘袋 闲鱼火山验货宝,11609,3970,9131,24 04.10,2024,14108090,,
27.08,boy20黑银荔枝 27开有卡尘袋闲鱼爱吃验货宝,18409,5725,11611,25 01.01,2025,27484485,,
27.08,jumbo黑金羊双盖 14开 闲鱼茂艺鱼验货宝,16109,4740,8371,25 03.01,2025,14531962,uk1,
27.08,jumbo黑银荔枝 13开有卡 闲鱼小红验货宝,14609,4680,10302,24 27.09,2024,13587230,,
27.08,cf中号深蓝金羊 28开有卡票尘袋盒子 闲鱼潼潼验货宝,30260,8480,15683,24 17.09,2024,28380786,,
27.08,boy25深蓝金羊 21开有卡 闲鱼凌波验货宝,11109,3580,7404,24 19.11,2024,21173976,,
28.08,cf中号黑金荔枝 14开有卡尘袋盒子 闲鱼cel验货宝,22109,6725,13500,24 30.10,2024,14003032,,
28.08,jumbo黑银羊双盖 15开 闲鱼dian验货宝,14109,4785,10869,24 16.12,2024,15169930,,
28.08,jumbo黑金羊双盖 14开有卡 闲鱼时光验货宝,17109,5300,10627,25 07.02,2025,14333263,us退回,
28.08,cf中号黑金荔枝 13开尘袋 闲鱼野驴验货宝,27609,6900,10025,25 31.07,2025,13492765,trc20 dubai,
28.08,jumbo黑金荔枝单盖 13开 闲鱼正品验货宝,17609,4940,8216,24 04.12,2024,13235774,,
28.08,cf中号深粉金羊v纹 21开 闲鱼一枚验货宝,16609,4500,6729,25 23.01,2025,21529212 21265215,,
28.08,cf中号黑金荔枝 14开尘袋 闲鱼一颗验货宝,29309,7260,9139,25 27.01,2025,14434860,,
28.08,大mini粉银羊 28开有卡票尘袋 闲鱼奢侈验货宝,15609,4680,9033,24 13.11,2024,28694551,,
28.08,cf中号黑金荔枝 14开有卡票尘袋 闲鱼不接验货宝hubby,24609,7500,14955,25 21.01,2025,14658638,,
28.08,cf中号黑金荔枝 27开 闲鱼2奢验货宝,28109,7728,12724,25 07.02,2025,27562879,,
28.08,boy25黑银羊 18开 闲鱼来碗验货宝,12109,4230,9842,25 02.03,2025,18379514,,
28.08,coco中号黑金荔枝 23开 闲鱼北冰洋验货宝,18109,5050,9187,25 19.04,2025,23669810,要拿回，把手活动,
28.08,chic25cm黑金羊 21开 闲鱼我是验货宝,13609,4180,8148,24 19.11,2024,21807914,,
29.08,trendy cc25黑金羊 23开尘袋 闲鱼大桥验货宝,16309,4540,7810,24 28.09,2024,23303965,,
29.08,cf中号黑金羊 20开有卡尘袋盒子 闲鱼zoo验货宝,21109,6200,11800,24 02.12,2024,20895128,,
29.08,cf中号黑金荔枝 13开 闲鱼举止验货宝,28609,7685,11972,24 04.11,2024,13989305,,
29.08,cf中号黑金荔枝 23开有卡尘袋盒 闲鱼一拍,32000,8600,13853,24 29.11,2024,23109371,,
29.08,翻盖深蓝金荔枝21开 闲鱼石堡验货宝,12709,3700,6554,24 16.10,2024,21836695,,
29.08,cf中号黑金荔枝 13开盒子 闲鱼幸福验货宝,25609,7140,12505,25 18.03,2025,13865009,,
29.08,jumbo黑银荔枝双盖 17开尘袋盒子 闲鱼she验货宝,15109,5480,14061,25 11.03,2025,17053624,,
29.08,boy25黑金荔枝 28开 闲鱼cherry验货宝,18609,5480,10569,24 28.09,2024,28643901,,
29.08,cf中号黑银荔枝 19开尘袋 闲鱼cici验货宝hubby,28109,7200,10057,24 19.11,2024,19853745,,
29.08,boy20彩虹荔枝 25开尘袋 闲鱼宝藏验货宝hubby,17829,5400,10500,25 25.01,2025,25367410,,
29.08,流浪小号黑 闲鱼操场验货宝hubby,11109,4030,9722,24 05.10,2024,26938319,,
29.08,大mini黑金羊v纹 27开有卡 闲鱼摩卡验货宝hubby,16669,5041,9633,24 07.10,2024,27973624,,
29.08,boy20彩虹荔枝 25开尘袋盒子 闲鱼宝藏验货宝hubby,18134,5780,12409,24 22.11,2024,25369543,,
29.08,trendy cc小号黑金羊v纹 26开 闲鱼08g验货宝hubby,15709,4440,7681,24 21.09,2024,26940345,,
29.08,cf中号米杏金荔枝v纹 26开有卡尘袋 奢收多cc,22500,6600,12490,24 07.12,2024,26539202,,
29.08,coco中号黑银荔枝22开尘袋盒子 闲鱼酒酿验货宝,16409,4990,9736,25 17.01,2025,22067704,,
29.08,coco小号深蓝金荔枝 27开有卡尘袋 闲鱼北冰洋验货宝,20609,5325,7369,24 13.11,2024,27292654,,
29.08,cf中号黑金羊 27开 闲鱼喜帖验货宝,22109,6435,11729,24 18.11,2024,27778594,,
29.08,邮差中号黑金荔枝 26开有卡票 闲鱼洋古验货宝,18609,5280,9047,24 27.11,2024,26624103,,
30.08,maxi黑金荔枝双盖 14开 闲鱼she验货宝,17309,5350,10817,24 05.10,2024,14995696,,
30.08,cf中号黑金荔枝 24开有卡尘袋 闲鱼奢侈,33000,8600,12509,24 16.11,2024,24924641,,
30.08,cf中号黑银荔枝23开有卡尘袋盒子 闲鱼贰叁验货宝hubby,34149,8680,12625,24 24.09,2024,23930639,,
31.08,boy25黑银牛18开 闲鱼ash验货宝,13609,4580,10639,24 28.09,2024,18673171,,
31.08,19bag大号黑金羊 29开有卡 闲鱼顿顿验货宝,14409,5280,13600,25 07.03,2025,29801842,,
31.08,jumbo黑金羊双盖 16开尘袋 闲鱼小幸运验货宝,16609,4650,7693,24 04.11,2024,16267653,,
31.08,boy25黑银羊 20开 闲鱼二奢验货宝,12309,4430,10856,24 03.10,2024,20573901,,
01.09.,cf中号绿银羊28开尘袋盒子 闲鱼只卖验货宝hubby,17609,5180,9828,24 08.10,2024,28822972,,
01.09.,pst粉银荔枝8开 闲鱼用户验货宝hubby,6579,2850,8074,24 17.11,2024,8782053,,
01.09.,boy28cm黑金荔枝 20开 邹泰文,13700,4780,11195,24 06.10,2024,20270595,,
01.09.,boy20深粉银牛 26开 邹泰文,9700,3380,8415,25 22.04,2025,26352842,,
01.09.,cf中号黑金荔枝 18开有卡 邹泰文,25500,7600,14393,24 03.10,2024,18934803,,
01.09.,boy20黑金荔枝 23开有卡 闲鱼米米验货宝,16909,5387,11567,24 02.10,2024,23719462,,
01.09.,cf中号黑金荔枝 14开有卡 闲鱼燃烧验货宝,19109,5000,3300,25 21.02,2025,14658700,国内卖掉,
02.09.,trendy cc小号黑金羊26开有卡 香玉,17000,4356,6054,24 17.09,2024,26316417,,
03.09.,boy25黑金荔枝 25开有卡尘袋盒子 闲鱼二奢验货宝,18609,5400,9945,24 04.12,2024,25393099,,
03.09.,cf深粉银羊 29开有卡票尘袋盒子闲鱼luxu验货宝,18109,5480,10795,24 06.10,2024,29479872,,1月17日老爹拿回01，肩带在库， 已回来
03.09.,gst黑金荔枝 18开 闲鱼诚信验货宝,8879,2950,6227,25 07.01,2025,18185376,,
03.09.,boy25黑银荔枝 20开尘袋 闲鱼luxu验货宝,17309,5300,10420,24 02.11,2024,20021198,,
04.09.,cf中号紫银羊 17开尘袋 闲鱼图个验货宝,17109,4820,8533,24 29.09,2024,17201825,,
04.09.,cf中号黑金荔枝 24开 闲鱼317验货宝,30108,8125,12614,25 06.01,2025,24002940,,
04.09.,boy20浅粉银羊 19开 闲鱼暑袜验货宝,10078,3280,6849,24 07.12,2024,19601950,,
04.09.,cf中号黑金荔枝 13开 闲鱼奢品验货宝hubby,22909,7500,16545,25 21.01,2025,13460772,,
04.09.,cf中号黑金荔枝 24开有卡票 翰乾,32200,7950,9814,24 22.12,2024,24625342,,
04.09.,coco大号黑银荔枝 21开有卡 香玉,15000,4450,8393,25 01.04,2025,21416906,,
04.09.,19bag小号薄荷绿羊 29开有卡 闲鱼朱子验货宝,16609,4800,9222,25 28.04,2025,29432694,,
04.09.,boy28黑银荔枝 23开有卡 闲鱼二奢验货宝,11409,4880,14182,24 08.12,2024,23147169,,
05.09.,boy20蓝银牛 23开有卡尘袋盒子 闲鱼哈喽验货宝,11809,3500,6560,24 10.11,2024,23831811,,
06.09.,cf中号蓝银羊 13开 闲鱼小姐验货宝,10609,4700,14025,24 20.10,2024,13260461,,
06.09.,boy25蓝银牛 18开 闲鱼海滩验货宝,11109,3700,7876,24 31.12,2024,18567153,,
06.09.,大mini粉银羊 27开有卡 闲鱼用户验货宝,15609,4260,7413,25 27.05,2025,27278930,,
06.09.,boy25白金荔枝 26开尘袋 闲鱼咔滋验货宝,13609,4580,10351,24 25.10,2024,26174800,,
07.09.,boy25黑金羊 22开 闲鱼街舞验货宝,12109,4165,9481,24 31.10,2024,22218258,,
07.09.,maxi黑银羊双盖 16开 闲鱼南谯验货宝,14909,4600,9092,25 10.02,2025,16293005,,
07.09.,maxi黑金荔枝双盖 16开闲鱼hyl验货宝,19109,5300,8900,25 23.03,2025,16291685,,
07.09.,boy20黑银牛 20开有卡 闲鱼周一验货宝,12909,3800,6655,25 02.04,2025,20386714,1月17日老爹拿回03，已回来,
07.09.,pst杏金荔枝 11开 闲鱼酒酿验货宝,5078,2090,5522,24 25.10,2024,11492804,,
08.09.,maxi黑金荔枝双盖18开 龙龙,19000,5300,8650,24 03.11,2024,18112164,,
08.09.,cf中号黑金荔枝 19开 龙龙,30000,8225,13415,24 01.11,2024,19356076,,
08.09.,coco大号豆沙粉银荔枝 23开有卡 onemore,15800,4300,6905,25 23.03,2025,23358711,,
08.09.,cf中号黑金荔枝 20开尘袋 奢收多cc,29500,7900,12599,25 27.02,2025,20314106,,
08.09.,19bag小号黑 30开有卡尘袋 奢收多cc,21500,5780,9187,24 15.10,2024,30968864,,
08.09.,cf中号黑金荔枝 19开有卡 闲鱼艾艾验货宝,30949,7900,10561,25 20.01,2025,19051209,,
08.09.,cf中号黑金羊 23开 闲鱼爱剁手验货宝,20108,6050,11595,25 22.01,2025,23815466,,
09.09.,cf中号白金荔枝 27开 闲鱼墨萤验货宝,24109,6780,11637,24 20.11,2024,27134881,,
09.09.,2.55 266深灰银牛14开有卡 邹泰文,8000,3225,8651,24 12.12,2024,14963211,,
09.09.,cf中号黑金羊 19开 邹泰文,21000,6100,11310,24 06.12,2024,19190162,,
09.09.,大mini黑金羊v纹 29开有卡 邹泰文,19000,5200,8422,24 10.11,2024,29753460,,
09.09.,2.55 227黑金牛 14开有卡尘袋 奢收多cc,9000,3620,9740,24 04.11,2024,14752879,,
09.09.,jumbo黑金羊双盖15开 闲鱼笑笑验货宝,16927,4780,8078,24 08.11,2024,15921746,,
09.09.,19bag深蓝金羊 29开有卡 闲鱼奢侈验货宝,18609,4780,6459,24 18.10,2024,29761542,,
09.09.,cf小号黑金羊 12开 闲鱼大白兔验货宝,19109,5900,11871,24 22.11,2024,12021447,,
09.09.,戴安娜黑金羊 2开有卡 闲鱼卖奢验货宝,9609,3800,10163,24 01.11,2024,2034993,,
09.09.,jumbo黑金羊单盖 11开 闲鱼青青验货宝,10078,3890,10271,24 19.11,2024,11971478,,
09.09.,cf中号黑银羊 13开 闲鱼诺娅验货宝,19109,5700,10783,25 08.02,2025,13761298,,
10.09,cf中号黑金荔枝 16开 香玉,28000,7400,11190,24 30.11,2024,16902220,,
10.09,cf中号杏金荔枝 14开 华奢,17900,6740,17541,24 25.11,2024,14437459,,
10.09,maxi黑金荔枝双盖 15开有票尘袋 闲鱼草莓验货宝hubby,17309,5300,10267,25 02.01,2025,15233284,,
10.09,boy25黑金荔枝 24开有卡尘袋盒 闲鱼大卖验货宝hubby,18109,5425,10555,24 17.12,2024,24364564,,
11.09,jumbo黑银羊双盖 14开 阿杰,12500,3780,7653,25 14.05,2025,14995995,,
11.09,pst白银荔枝 12开 闲鱼aa验货宝,6279,2480,6443,24 12.11,2024,,,
12.09,cf中号深蓝银荔枝 18开 kasen,20500,6250,12341,24 04.11,2024,18671534,,
12.09,gst黑金荔枝 12开 闲鱼屁屁验货宝,7879,2890,7004,24 20.10,2024,12206048,,
12.09,gst黑金荔枝 11开尘袋 闲鱼海底验货宝,8079,2795,6470,24 09.11,2024,11608993,,
13.09,pst24cm黑荔枝 13开 闲鱼甜姐验货宝,8929,2950,6262,24 17.11,2024,13812253,,
13.09,翻盖23cm黑金荔枝 21开有卡尘袋 闲鱼专业验货宝,13909,4600,10189,24 12.12,2024,21830626,,
14.09,19bag小号深红30开有卡尘袋 龙龙,15800,4500,7652,24 01.11,2024,30256430,,
14.09,pst24cm黑荔枝 14开 yukie,9000,2900,6007,24 10.12,2024,14122670,,
14.09,cf中号雾霾蓝 17开 知奢,11700,4526,12084,24 15.10,2024,17179307,,
14.09,大mini芭比粉银羊 27开有卡尘袋 闲鱼厚礼验货宝,16109,4705,8428,24 03.11,2024,27132753,,
14.09,maxi黑金荔枝13开有卡 闲鱼易奢验货宝,15309,4650,8972,24 12.11,2024,13864432,,
14.09,cf中号黑金羊13开尘袋盒 闲鱼w汪验货宝,16609,5800,14101,25 10.02,2025,13479955,,
15.09,boy25黑银牛 20开 嘉奕,10800,4100,10662,24 12.12,2024,20125999,,温州 25.03.08✔️31个/2月25/27出货
15.09,cf中号浅粉金羊 23开有卡 奢侈,19300,5790,11084,24 18.11,2024,23366278,,
15.09,cf中号黑银羊 19开 闲鱼不接受验货宝,21109,5850,9416,25 20.01,2025,19051034,,
15.09,coco中号雾霾蓝金荔枝 27开有卡票 闲鱼顺顺验货宝,17609,4725,7174,24 18.11,2024,27703108,,
16.09,cf小号黑金羊27开 尘袋盒 闲鱼听听验货宝,23109,6440,11139,24 10.10,2024,27135172,,
16.09,pst黑金荔枝 闲鱼yu验货宝,8579,2890,6288,24 24.11,2024,14395673,,
16.09,cf中号黑金羊 27开有卡票尘袋 龙龙,27000,6825,9073,24 13.11,2024,27350625,,
16.09,chic黑金羊 30cm 21开闲鱼西安验货宝,11109,3900,9147,24 01.12,2024,21748166,,
17.09,cf中号黑金荔枝 19开尘袋盒子 香玉,31000,8100,12262,25 27.01,2025,19853068,,
17.09,cf中号黑金荔枝 13开有卡 龙龙,28500,7900,13221,25 01.03,2025,13872950,,
18.09,maxi黑银荔枝双盖 14开有卡 龙龙,19000,5280,8541,24 02.11,2024,14393876,,
18.09,jumbo黑金荔枝 24开有卡票盒子尘袋 龙龙,30000,7750,12700,25 24.04,2025,24311726,,
18.09,boy25红金羊 21开有卡尘袋 收呗,10300,2930,5422,24 09.10,2024,21281677,,
18.09,boy25绿银牛v纹 20开有卡 香玉,11000,3780,8505,24 01.11,2024,20879804,,
18.09,cf小号黑金荔枝 15开有卡 翰乾,30500,8340,13605,24 28.10,2024,15462519,,
18.09,gst黑金荔枝 14开有卡票 闲鱼黛森验货宝,9659,3200,6784,25 12.01,2025,14534567,,
18.09,gst黑金荔枝 12开尘袋 闲鱼不接验货宝,8779,2800,5779,24 08.11,2024,12080700,,
18.09,pst黑金荔枝 14开有卡 闲鱼诠验货宝,8579,2915,6492,24 11.11,2024,14185006,,
18.09,大mini浅粉金羊情人节 19开有卡尘袋 闲鱼土星验货宝,13909,3925,6512,24 26.10,2024,19164419,,
18.09,黑金羊粗链条 28开有卡尘袋盒子 闲鱼joy验货宝,15985,4383,7038,25 07.02,2025,28989675,,
18.09,trendy cc杏金羊 31开有卡 ym hubby,17000,4705,7554,24 25.10,2024,31269841,,
19.09,boy25黑金牛 20开 vv,12000,4200,9893,24 26.12,2024,20424687,,
19.09,jumbo黑金荔枝双盖 19开有卡票 多多,20100,7650,20311,24 18.12,2024,19933291,,
19.09,大mini紫金羊 29开有卡票尘袋盒 笠秋,16000,4580,8800,25 18.10,2025,29370423,,
19.09,pst黑金荔枝 16开有卡尘袋盒 闲鱼越南验货宝,9079,2900,6132,24 13.11,2024,16101247,,
20.09,cf中号黑金羊情人节 挂饰缺失 19开 闲鱼林验货宝,14609,4380,8155,24 29.10,2024,19209232,,
21.09,19bag小号深蓝金羊 30开有卡尘袋盒子 闲鱼教授验货宝,16109,4760,9093,24 06.12,2024,30200713,,
21.09,jumbo深蓝金羊双盖 20开 香玉,15500,4560,8342,24 05.11,2024,20438023,,
21.09,大mini黑金荔枝 20开 龙龙,30000,7776,11237,24 11.10,2024,20490428,,
22.09,流浪小号黑 25开 香玉,10500,3890,9632,24 28.10,2024,25596611,,
22.09,cf中号杏金荔枝 23开 阿伟,18500,6630,16189,25 18.01,2025,23676326,,
22.09,cf中号粉金羊情人节 19开 闲鱼用臻验货宝,13109,3900,7901,25 02.06,2025,19205677,,
22.09,cf中号深粉银羊 19开有卡尘袋 闲鱼咔卜验货宝,17109,4870,8370,24 15.11,2024,19355952,,
22.09,boy28黑银荔枝 26开尘袋盒 闲鱼法儿验货宝,15109,4775,10040,24 24.10,2024,26674885,,
23.09,cf中号杏金羊 14开 强哥,15000,4990,11070,24 18.11,2024,14679740,,
23.09,boy25灰银牛宫廷 19开 邹泰文,11500,3900,8965,25 12.03,2025,19693917,,
23.09,cf中号黑金荔枝 25开 邹泰文,31500,8176,11390,25 13.01,2025,25814537,,
23.09,cf中号黑金羊 15开有卡 邹泰文,18500,5975,13027,24 11.11,2024,15472895,,
23.09,大mini黑金羊情人节19开有卡 邹泰文,16000,4730,8579,24 28.12,2024,19162588,,
23.09,maxi黑金荔枝双盖 15开 marino,19200,5604,11353,25 26.07,2025,15001005,,
23.09,jumbo黑金羊双盖 14开有卡 梓彬,16200,4890,9377,24 29.11,2024,14531980,,
23.09,cf蓝银荔枝 20开 济南,23000,6350,10111,24 04.11,2024,20508321,,
23.09,19bag中号深蓝金羊 29开有卡 缔物,14000,4680,10372,24 22.11,2024,29801445,,
23.09,cf中号黑金荔枝 13开黑内盖 王小胖,25000,7650,15588,25 24.02,2025,13487480,,
23.09,boy25黑金羊 21开有卡 闲鱼钢都验货宝,11809,4180,9891,24 24.10,2024,21397326,,
24.09,gst黑银荔枝 16开有卡票 闲鱼tbn验货宝hubby,9879,3060,6029,24 18.10,2024,16186389,,
24.09,boy20粉银羊 25开 闲鱼毛裤验货宝,10078,3330,7047,24 29.10,2024,25483159,,
24.09,maxi黑银荔枝单盖 14开 闲鱼南宋验货宝,14809,4400,8183,24 16.11,2024,14111224,,
25.09,戴安娜黑金羊3开有卡 闲鱼x**验货宝,12109,3800,7655,24 16.11,2024,3423784,,
26.09,maxi黑银荔枝单盖 13开 包表,15000,4650,9433,24 29.11,2024,13085080,,
26.09,cf中号黑金羊 16开 闲鱼贩卖验货宝,18634,5990,13056,25 25.02,2025,16334753,,
26.09,jumbo黑金羊双盖 19开有卡 hubby石家庄线下店,16500,4925,9187,24 28.10,2024,19044587,,
27.09,cf中号果绿银羊 14开有卡票 v2,17500,4966,8384,24 25.11,2024,14887216,,
27.09,maxi黑金荔枝单盖 13开 樱花,15300,4640,8836,24 25.11,2024,13804936,,
27.09,gst黑金荔枝16开有卡 香玉,9000,2560,4156,24 02.12,2024,16694487,,
27.09,大mini中粉金羊 18开有卡尘袋盒 香玉,14000,4200,8037,25 07.02,2025,18011373,,
27.09,cf中号黑金荔枝 14开有卡 闲鱼hello验货宝,25909,7350,13175,25 13.03,2025,14193840,,
28.09,有提手黑金羊翻盖 28开有卡票 一拍,16000,4600,7908,24 17.11,2024,28504806,,
29.09,trendy黑金羊25cm 20开 小石榴,17000,4440,6102,24 24.10,2024,20415715,,
29.09,cf中号湖蓝银羊 20开 闲鱼你乖验货宝,19109,5150,7664,25 17.01,2025,20514572,,
29.09,maxi黑金羊双盖 16开 闲鱼表包验货宝,15409,4580,8426,24 15.11,2024,16289678,,
30.09,cf中号tiffiny蓝银羊 27开有卡尘袋 闲鱼玛玛验货宝,16738,5335,11247,24 15.11,2024,27174758,,
30.09,翻盖chic深蓝金羊25cm 21开 鑫迦,7000,2900,7790,24 18.11,2024,21810295,,
01.10.,boy25黑金荔枝 24开有卡尘袋 闲鱼focus验货宝,17809,5400,10694,24 21.11,2024,24343922,,
01.10.,gst枣红银荔枝 19开 大连河豚,6000,2550,7038,24 01.11,2024,19596430,,
03.10.,boy25黑金荔枝 26开 邹泰文,17700,5325,10428,25 29.03,2025,26226683,,
03.10.,cf小号黑银羊 27开有卡票 邹泰文,20200,6100,11888,24 14.11,2024,27174180,,
03.10.,cf中号黑金荔枝 19开有卡 邹泰文,28000,8045,14642,24 02.12,2024,19289658,,
03.10.,cf中号tiffiny蓝银羊 19开尘袋 choco,17500,5000,8679,24 04.11,2024,19554333,,
03.10.,cf中号黑银羊情人节 19开 ff,18000,4775,6990,24 30.11,2024,19198483,,
04.10.,boy25黑金荔枝 27开 娟娟,17500,5460,11190,24 20.11,2024,27291091,,
05.10.,cf中号黑金荔枝12开 香玉,24000,7300,14554,24 26.12,2024,12480534,,
06.10.,jumbo黑金荔枝单盖 13开 小牛,14000,4975,12108,24 07.12,2024,13380298,,
06.10.,jumbo黑金荔枝双盖 16开 闲鱼二奢验货宝,20409,5700,9541,25 10.02,2025,16084717,,
06.10.,翻盖大mini白银荔枝 23开有卡闲鱼风沙验货宝,7800,2900,7665,25 18.04,2025,23780641,,
07.10.,cf中号粉金羊情人节 19开有卡常州,15000,4300,7478,25 25.03,2025,19205689,,
07.10.,翻盖黑金牛 23开 济南hubby,8800,3200,7671,24 11.11,2024,23095570,,
07.10.,cf中号黑金羊 14开 闲鱼今喜验货宝,12109,4970,13840,25 01.03,2025,14674678,,
08.10.,coco中号粉银荔枝 23开有卡 闲鱼豆验货宝,15609,4560,9242,25 12.07,2025,23495588,,
08.10.,boy25深粉金荔枝 23开 闲鱼成都验货宝,11909,4200,9908,24 14.12,2024,23832744,,
09.10.,cf中号黑金荔枝 25开有卡票 香玉,32000,8400,12890,25 08.03,2025,25581762,,
09.10.,邮差中号浅粉金荔枝 26开尘袋 闲鱼专业验货宝,16909,4900,8657,24 26.12,2024,26664140,,
09.10.,cf中号粉金羊情人节 19开 闲鱼萝卜验货宝,12750,3990,8023,25 06.04,2025,19200893,,
09.10.,cf中号黑金羊情人节 19开有卡尘袋盒子 闲鱼臻品验货宝,18109,5200,9633,24 09.11,2024,19193772,,
10.10.,cf中号蓝金羊 25开 龙龙,17800,5150,8867,25 03.01,2025,25390492,us2,
10.10.,大mini蓝金羊 27开 阿乐,13000,3900,7256,24 03.12,2024,27915708,,
12.10.,大mini tiffiny蓝银羊 27开 闲鱼欧尼酱验货宝,15000,4570,8951,24 10.12,2024,27165788,,
13.10.,cf中号深蓝绿银荔枝 20开有卡 闲鱼奢侈验货宝,20108,6600,14734,24 19.11,2024,20508343,,
13.10.,流浪小号黑 25开 闲鱼小小验货宝,10609,3900,9604,25 13.02,2025,25499809,,
13.10.,pst杏金荔枝 14开尘袋闲鱼小验货宝,5079,2680,8836,24 08.12,2024,14119247,,
13.10.,chic深蓝金羊 21开迪奥尘袋 闲鱼汝验货宝,8579,3025,7103,25 17.03,2025,21807224,,
13.10.,coco小号鲜绿金荔枝 23开 龙龙,17800,5170,9380,24 10.11,2024,23938553,,
14.10.,boy25黑金羊19开 闲鱼lrlr验货宝,9579,3990,11006,24 24.12,2024,19830710,,
14.10.,cf中号橄榄绿银荔枝 14开有卡 闲鱼五音验货宝,18109,5200,9314,24 13.11,2024,14864200,,
14.10.,大mini深蓝银羊 28开有卡 闲鱼大毛验货宝,17109,4400,5707,24 14.11,2024,28746922,,
14.10.,cf中号黄金羊 24开尘袋盒 闲鱼大刀验货宝,17109,4900,8840,24 03.12,2024,24103553,,
14.10.,cf中号深蓝金羊 25开有卡票尘袋闲鱼粉扑验货宝,18131,5300,9779,24 01.12,2024,25410342,,
14.10.,翻盖灰银牛 20开 shelly,8700,2850,6069,24 06.12,2024,20873570,,
15.10.,戴安娜中号黑金羊 2开 闲鱼aii验货宝,8078,3850,11850,24 14.12,2024,2399005,,
15.10.,19bag中号黑 28开有卡 闲鱼lucky验货宝,18929,5100,7724,24 23.12,2024,28758515,,
15.10.,cf中号湖蓝银羊 20开尘袋 闲鱼一个验货宝,18109,5190,9294,25 28.02,2025,20514617,,
15.10.,腋下包黑银羊 17开有卡尘袋 闲鱼可爱验货宝,8602,2850,6248,24 06.12,2024,17003174,,
15.10.,cf中号杏金羊 25开有卡尘袋 闲鱼南方验货宝,17609,5400,10906,24 06.12,2024,25484617,,
15.10.,coco小号黑金荔枝 25开 小牛,24000,5990,7624,24 10.11,2024,25036063,,
15.10.,cf中号黑金羊 27开 龙龙,21300,6010,11435,25 28.05,2025,27062905,,
16.10.,chic25cm浅粉金羊 21开有卡 闲鱼格局,8900,3380,8491,24 28.11,2024,21942184,,
16.10.,pst xl黑银荔枝 16开有卡尘袋 闲鱼倒验货宝,8279,2850,6518,24 12.11,2024,16709720,,
16.10.,cf中号黑银羊 10开 about,14000,5300,13977,25 18.03,2025,10903490,,
16.10.,boy20浅粉金羊 22开有卡 香玉,10000,3280,6884,24 13.11,2024,22576211,,
17.10.,cf中号鲜绿金羊 18开有卡尘袋 星星,17500,4876,7979,24 25.11,2024,18086553,,
17.10.,大mini绿金羊 18开 龙龙,14500,4380,8309,25 09.02,2025,18010913,,
17.10.,cf中号黑金荔枝13开有卡 我就是hubby,23000,7450,16253,24 21.12,2024,13463826,,
18.10.,2.55腋下金银牛 12开有卡 闲鱼小白验货宝,5589,2100,5014,24 26.12,2024,12742077,,
18.10.,jumbo杏金荔枝双盖16开 闲鱼小熊验货宝,17409,5450,11156,24 16.12,2024,16339874,,
18.10.,boy25浅蓝银羊 15开 闲鱼欧洲验货宝,8594,3300,8319,24 24.11,2024,15934199,,
18.10.,cf中号绿金荔枝 27开 红柏,23000,6880,13175,24 17.11,2024,27173887,,
18.10.,翻盖宫廷中号深蓝金牛 24开有卡尘袋 小牛,11200,4350,11541,24 29.11,2024,24270359,,
18.10.,coco中号黑金荔枝 25开有卡 凡诺,19300,4990,6707,24 16.11,2024,25269608,,
19.10.,流浪小号黑 27开有卡票尘袋 奢格格,11109,3970,9650,24 05.12,2024,27034123,,
19.10.,cf小号黑金羊 13开龙龙,17500,5925,13645,24 04.12,2024,13825229,,
20.10.,大mini深蓝银羊 23开有卡 闲鱼奢侈验货宝,15000,4500,8513,24 02.11,2024,23484181,,
20.10.,jumbo黑银羊单盖 13开 首席,12000,3750,7329,24 20.12,2024,13900110,,
21.10.,cf小号黑金荔枝 12开有卡 香玉,25000,7480,14665,25 16.03,2025,12624777,,
21.10.,cf小号黑金荔枝 12开有卡 香玉,28500,7925,13442,24 04.12,2024,12849079,,
23.10.,boy25黑金羊 24开有卡 梦梦,12100,4100,9267,24 08.12,2024,24114582,,
24.10.,戴安娜小号黑金羊 3开有卡 闲鱼精心验货宝,10078,4473,13117,25 06.01,2025,3066441,,
24.10.,jumbo黑金荔枝双盖 15开有卡 哈奢hubby,20600,5674,8905,25 02.01,2025,15446075,,
25.10.,2.55 225深蓝银牛 22开有卡尘袋 闲鱼回收验货宝,12109,4200,9771,24 15.12,2024,22388421,,
25.10.,jumbo白银荔枝单盖 13开有卡尘袋奕可,13000,4430,10039,24 20.12,2024,13154814,,
25.10.,cf中号深粉金羊 21开有卡尘袋 奢收多香玉,18000,4700,6634,25 27.01,2025,21965840,,
26.10.,gst杏金荔枝 15开有卡票 闲鱼鉴定验货宝,6579,2700,7345,24 10.12,2024,15708312,,
26.10.,cf小号黑银荔枝 16开尘袋 闲鱼音乐验货宝,27109,7775,14056,24 18.12,2024,16331948,,
28.10.,boy20彩虹 25开 闲鱼冥王验货宝,16109,5400,13327,25 15.07,2025,25454067,,
28.10.,jumbo杏金荔枝双盖14开 闲鱼艾米验货宝,16639,5500,13369,25 24.04,2025,14562081,,
28.10.,jumbo白银荔枝 12开 闲鱼止止验货宝,11609,4400,11289,24 31.12,2024,12327495,,
28.10.,boy28提手黑银牛 23开 闲鱼关你验货宝,15909,4630,9203,25 21.05,2025,23172923,,
28.10.,19bag杏金羊 29开有卡尘袋 闲鱼绵绵验货宝,16409,4300,6376,25 30.10,2025,29259666,25过年拿回4， 已回来,
28.10.,cf中号杏金荔枝 15开 闲鱼上海验货宝,23109,6500,10958,24 27.12,2024,15782431,,
28.10.,trendy25蓝金羊 23开 苏州,15500,4455,7688,24 21.11,2024,23184356,,
28.10.,cf中号电光蓝银羊22开 百达,16000,4750,8530,25 03.01,2025,22493814,us3,
29.10.,boy28黑金荔枝 23开有卡尘袋 娟娟,15800,4900,9809,24 26.11,2024,23535297,,
30.10.,翻盖杏金牛 23开有卡 闲鱼佛系验货宝,7579,2780,6573,24 21.12,2024,23094374,,
30.10.,coco小号粉金荔枝 28开lv尘袋闲鱼九亿验货宝,20109,5200,7183,24 28.11,2024,28071476,,
30.10.,trendy30深蓝金羊 23开有卡 闲鱼小小验货宝,15309,4440,7751,24 25.11,2024,23404556,,
30.10.,jumbo黑银羊双盖 19开lv尘袋 瑞奢,14800,4820,10296,25 20.01,2025,19142811,,
30.10.,cf中号浅蓝银羊27开有卡 小景,18500,5400,9608,24 19.12,2024,27173485,,
30.10.,trendy25珊瑚粉金羊 23开尘袋 一泽,15000,4400,8000,24 04.12,2024,23652823,,
30.10.,19bag小号粉金羊 29开有卡 阿乐,15000,4300,8222,25 20.06,2025,29711636,,
31.10.,jumbo杏银荔枝 15开 闲鱼不会验货宝,17609,5150,9466,24 09.12,2024,15159510,,
31.10.,新版戴安娜黑金羊20开 闲鱼惠验货宝,14634,5676,15071,24 25.11,2024,20736902,,
31.10.,大mini炫彩粉银羊24开尘袋 闲鱼六子验货宝,13609,4400,9691,25 18.11,2025,24515161,,
31.10.,大都会30黑金牛 23开有卡 never闲鱼超灵活,11700,3850,8182,25 10.01,2025,23701413,,
31.10.,trendy25杏金羊 26开有卡 沫沫,15600,4325,6814,24 18.12,2024,26316783,,
31.10.,boy28黑银荔枝 27开 名瑞,11800,4880,13879,24 12.12,2024,27118687,,
31.10.,19bag杏金羊 31开有卡票全套 米壳,17200,5180,10015,24 28.12,2024,31355523,,
31.10.,季节jumbo深蓝金羊 18开 香玉,8500,2780,5660,24 16.12,2024,18851182,,
31.10.,cf中号蓝绿金荔枝 23开 大有,26500,6800,9116,25 06.01,2025,23512169,,
01.11.,PST杏金荔枝 13开 千品,6000,2660,7685,24 12.12,2024,13788315,,
01.11.,翻盖蓝银荔枝28cm 15开 lucky,8600,2875,6272,24 30.11,2024,15700265,,
01.11.,翻盖有提手邮差深蓝金牛 28开有卡尘袋 小牛,14000,4200,7835,24 30.12,2024,28532932,,
01.11.,boy20cm白银羊v纹24开有卡 23-徐,10500,3800,9289,25 25.03,2025,24915650,,
01.11.,cf中号黑金荔枝14开有卡 樱奢,23000,7450,16366,24 16.12,2024,14193842,,
02.11.,boy25浅绿银牛23开尘袋 闲鱼验货宝,10078,3380,7314,24 27.12,2024,23164160,,
03.11.,cf小号黑金荔枝 27开有票 奥特曼奢侈,34500,9115,14047,24 03.12,2024,27548432,,
04.11.,cf中号白金荔枝 28开有卡尘袋 闲鱼薛验货宝,23109,7500,16477,24 18.12,2024,28706413,,
02.11.,trendy25黑金羊 23开有卡尘袋盒 闲鱼小羽验货宝,18109,4800,7190,24 16.12,2024,23401461,,
04.11.,boy25黑金羊v纹 24开 闲鱼风筝验货宝,12609,4235,9387,24 18.12,2024,24429618,,
04.11.,coco小号白金荔枝 24开有卡 piggy,18500,5400,9834,24 29.11,2024,24024335,,
05.11.,流浪小号黑 24开 闲鱼卖正品验货宝,10909,3780,8580,24 26.11,2024,24766194,,
05.11.,boy25绿金荔枝 28开 闲鱼橙子验货宝,12169,4375,10581,25 08.02,2025,28113253,,
05.11.,boy25深红银荔枝 20开 闲鱼lucky验货宝,12109,3990,8684,25 15.02,2025,20012030,,
05.11.,boy25白银牛v纹 闲鱼树吖验货宝,9079,3381,8286,25 24.01,2025,20975487,,
05.11.,jumbo黑金荔枝双 15开有卡尘袋 闲鱼渔小验货宝,22109,5800,8573,25 17.02,2025,15465664,,
05.11.,boy25彩虹 25开有卡尘袋 小牛,19500,5950,12000,24 06.12,2024,25510113,,
05.11.,maxi黑银荔枝单盖 14开 奢度,15600,4585,8265,25 01.03,2025,14110648,,
06.11.,大mini绿蓝银荔枝 20开有卡尘袋闲鱼西月验货宝,16909,5300,11094,25 16.02,2025,20625072,,
06.11.,boy20中粉金荔枝 28开尘袋 闲鱼gd验货宝,12669,4200,9205,25 25.01,2025,28502921,,
06.11.,2.55 227黑银牛 13开 闲鱼天王验货宝,9109,3615,9988,25 15.11,2025,13701343,,
06.11.,翻盖黑金羊 18开 薇薇安,8800,2900,6647,25 30.04,2025,18491469,,
06.11.,boy25深蓝金牛v纹 25开 升达,11000,3390,6474,24 29.11,2024,25389037,,温州 25.03.11✔️30个/2月27&3月2日出货
06.11.,2.55 225黑金牛 27开有卡 香玉,12500,5350,15531,24 17.12,2024,27761430,,
06.11.,翻盖红金荔枝 21开有卡 程晓,9600,3300,7597,24 07.12,2024,21829912,,
07.11.,2.55 226绿银牛 12开闲鱼最高验货宝,6279,2990,9000,25 01.03,2025,12495352,,
08.11.,方胖深蓝烤漆 30开有卡尘袋 闲鱼高价验货宝,16709,4800,8335,24 24.12,2024,30018741,,
08.11.,2.55 226 灰黑银牛 15开 闲鱼唐人,9800,3345,7294,25 02.01,2025,15695534,,
08.11.,2.55 226 黑金牛 15开 闲鱼我是验货宝,10409,3700,8529,25 05.01,2025,15973656,,
08.11.,戴安娜深蓝金羊 20开 豆果,12000,4850,13448,24 09.12,2024,20738805,,
08.11.,cf中号杏金荔枝12开 一泽,23000,6500,11063,24 28.12,2024,12973712,,
08.11.,jumbo杏金羊双盖 16开有卡 静静,15000,4600,9042,24 10.12,2024,16910503,,
09.11.,cf中号深蓝金羊 20开尘袋盒子 闲鱼xixi验货宝,19049,5650,10977,24 05.12,2024,20508873,,
09.11.,trendy25黑金羊 28开有卡票尘袋闲鱼安莉莉验货宝,17849,4900,8057,24 30.11,2024,28691135,,
09.11.,翻盖金币v纹红金羊 21开 邹泰文,6500,2600,6690,24 17.12,2024,21764469,,
09.11.,翻盖金币v纹浅粉金羊 21开有卡 邹泰文,8700,2990,7200,25 14.04,2025,21896291,,
09.11.,maxi黑银荔枝单盖13开 邹泰文,15000,4740,9480,25 03.01,2025,13280137,uk2,
09.11.,jumbo杏银羊单盖 13开 邹泰文,10800,3850,9003,25 03.01,2025,13899013,us4,
09.11.,cf中号杏金荔枝 13开 邹泰文,21500,6700,14024,25 24.02,2025,13457087,,
10.11,boy25深蓝金荔枝 25开尘袋 闲鱼枇杷验货宝hubby,14049,4425,9106,24 25.12,2024,25394378,,
11.11.,boy28绿蓝金荔枝 19开尘袋 闲鱼大象验货宝,11109,4380,11702,24 21.12,2024,19978359,,
11.11.,boy28深粉银羊 19开 闲鱼清清验货宝,7979,3440,9543,25 03.01,2025,19276316,us5,
11.11.,boy28黑银荔枝 23开 闲鱼奢饰验货宝hubby,13609,4880,11613,25 05.01,2025,23170685,,
11.11.,cf中号黑金羊 14开有卡 大鱼,15500,5460,12718,25 26.01,2025,14420452,,
11.11.,boy26深粉金荔枝 28开 瑞奢,12000,4230,10818,25 27.05,2025,28557085,,
11.11.,cf中号湖蓝银羊 19开有卡 香玉,19000,5600,10515,24 06.12,2024,19554474,,
12.11.,cf中号深蓝银羊 24开尘袋 娟娟,17500,5610,11819,24 27.12,2024,24810965,,
13.11.,boy20白金荔枝v纹 29开有卡 熠奢,12000,4280,10173,24 20.12,2024,29949106,,
13.11,cf中号翠绿金羊 18开 闲鱼钟思思验货宝,18204,5100,8300,25 17.01,2025,18133595,,
14.11,chic中号浅粉金羊 21开 闲鱼晒太阳验货宝,9479,3100,6275,25 02.01,2025,21942654,,
14.11,pst黑金荔枝 15开 闲鱼qw验货宝,8079,2900,6948,24 08.12,2024,15060660,,
14.11,相机包中号黑金荔枝 27开锁钥匙 奢乐,13300,4050,7800,24 07.12,2024,27829261,,
15.11,jumbo杏金荔枝单盖13开有卡 上海正典,14500,4630,9475,25 06.01,2025,13234577,,
15.11,19bag小号深蓝金羊 31开有卡 淘表,17000,4800,7868,25 14.01,2025,31350555,,
15.11,cf中号黑金荔枝 15开 闲鱼千包验货宝,28109,7200,11000,25 26.04,2025,15784915,,
15.11,boy25黑金荔枝v纹 26开有卡票尘袋盒 闲鱼深紫验货宝,17909,5200,9686,24 07.12,2024,26194091,,
16.11,boy25黑银荔枝 25开有卡 闲鱼海上验货宝,16609,5200,10656,24 02.12,2024,25178125,,
16.11,cf小号深蓝银羊 26开 闲鱼五音验货宝,18109,5275,9286,25 08.01,2025,26485370,,
16.11,jumbo杏金荔枝双盖 14开有卡丢了 闲鱼一苇验货宝,17109,5400,11109,25 26.01,2025,14970423,,
16.11,cf中号蓝金荔枝 27开有卡 唯亿,23500,6826,12108,25 13.01,2025,27008404,,
17.11,cf中号黑金羊 20开有卡尘袋 闲鱼亚当验货宝,21394,6100,10616,24 24.12,2024,20754091,,
17.11,cf中号白金荔枝 14开尘袋盒 闲鱼海滩验货宝,20129,6400,14100,25 27.03,2025,14973506,,
17.11,boy20深蓝银牛有提手 21开 闲鱼麦奢验货宝,10078,3990,10587,25 13.02,2025,21204680,,
18.11,jumbo紫银羊 10开 闲鱼喜帖验货宝,10078,3500,7949,25 24.01,2025,10922587,,
18.11,翻盖蓝金荔枝 21开有卡尘袋闲鱼大刀验货宝,11609,3900,8477,25 05.01,2025,21837788,,
18.11,cf中号浅绿金荔枝 25开 闲鱼米兰验货宝,24109,6800,11458,25 11.01,2025,25475663,,
18.11,coco小号黑金荔枝蛇皮手柄 26开有卡尘袋 唯匠,24000,6157,9653,25 06.06,2025,26837077,,
19.10.,cf中号黑金荔枝 13开 哈哈,20500,6500,13517,25 17.01,2025,13175494,,
19.10.,2.55 226黑金牛 13开 安迪,9800,3700,9320,25 07.01,2025,13709049,,
19.10.,maxi深红金羊双盖 16开 奢华,12500,4660,11306,24 31.12,2024,16757925,,
19.10.,boy25黑银荔枝 17开 邹泰文,15000,4800,10158,24 08.12,2024,17590996,,
19.10.,cf中号白金荔枝v纹 26开 邹泰文,20500,6200,11926,25 11.01,2025,26539196,,
20.11,cf中号黑金羊 13开有卡 米兰,19000,6200,13521,25 17.01,2025,13453437,,
20.11,pst黑金荔枝 8开 闲鱼亚洲验货宝,6899,2600,6353,24 31.12,2024,8971199,,
20.11,coco小号粉金荔枝 27开lv尘袋 闲鱼慧验货宝,20609,5500,8188,25 23.01,2025,27323389,,
20.11,boy20白金荔枝 27开尘袋 小七,12500,4200,9442,25 10.02,2025,27442026,,
20.11,jumbo黑金羊双盖 14开lv尘袋 香玉,17000,5000,9367,25 16.02,2025,14532031,,
21.11,古巴浅蓝荔枝 23开 闲鱼神仙验货宝,8279,2990,8173,25 02.10,2025,23587371,,
21.11,jumbo杏银荔枝 12开lv尘袋 梦梦,13500,4600,10383,25 02.01,2025,12616577,,
21.11,2.55 227黑金牛 13开尘袋小爽,9500,3600,9125,25 22.01,2025,13280769,,
22.11,boy20黑金荔枝v纹 24开尘袋 海尚,17000,4930,8743,24 26.12,2024,24888478,,
22.11,boy25蓝银荔枝 25开 宝正,14000,4300,8293,24 30.12,2024,25653229,,
22.11,cf中号黑金羊 24开 ……！云尚,22500,6400,10973,25 20.01,2025,24666647,,
23.11,boy25彩虹荔枝 2 闲鱼你乖验货宝hubby,18609,5925,12276,25 12.01,2025,25573311,,
23.11,大mini 桃粉银羊 27开有卡票 小柯,16000,4300,7254,25 08.08,2025,27166363,,
23.11,pst黑金荔枝 14开 yukie,8500,2880,6284,24 24.12,2024,14114925,,
23.11,boy28黑银荔枝 20开 闲鱼爱卖包验货宝,14696,4860,10414,24 27.12,2024,20001820,,
23.11,trendy25黑金羊 24开 闲鱼hanna验货宝,18109,4725,6384,25 02.01,2025,24709550,,
23.11,jumbo深蓝金羊双盖 16开有卡 闲鱼中古验货宝,15109,4500,8230,24 27.12,2024,16578049,,
23.11,boy25深蓝金荔枝 24开有卡票 阳光 票没了,13700,4500,9502,25 04.01,2025,24456277,,
23.11,cf中号杏金羊 23开尘袋 two,19000,5461,9526,25 09.01,2025,23618058,,
23.11,boy20黑金荔枝 29开有卡 奢格格,18500,5312,9300,24 23.12,2024,29194545,,
23.11,cf中号白金荔枝 23开 张小奢,24000,7200,13850,25 21.01,2025,23514325,,
23.11,boy25灰金荔枝25开lv尘袋 dy,14500,4525,9970,25 19.04,2025,25479484,,
23.11,boy25湖蓝银羊 19开lv尘袋 dy,11000,3450,6642,25 03.01,2025,19386727,us6,
23.11,19bag小号浅粉金羊 29开有卡 汇奢,17000,4700,7429,25 07.01,2025,29263419,,
23.11,cf小号深粉金荔枝 30开有卡 邹泰文,24000,7500,15850,25 15.03,2025,30135540,,
23.11,cf中号白银荔枝 19开 邹泰文,23500,6950,12917,24 19.12,2024,19049677,,
23.11,流浪小号黑 27开 邹泰文,10000,3860,10700,25 14.05,2025,27084599,,
23.11,cf中号黑银羊 20开 邹泰文,17500,5600,12000,25 19.03,2025,20178590,1月17日老爹拿回04， 已回来,
23.11,boy25中粉银羊 17开 邹泰文,10000,2990,5509,25 23.02,2025,17944221,,
24.11,trendy25黑金羊30开lv尘袋 琦琦,18500,4750,6487,24 09.12,2024,30288212,,
24.11,BOY25深红金荔枝20开有卡 闲鱼小名验货宝,8079,3948,12279,25 01.01,2025,20156278,,
24.11,cf小号黑金羊 26开有卡票尘袋 闲鱼椰壳验货宝2,25109,6550,9338,24 25.12,2024,26721741,,
25.11,cf小号樱花粉金羊 27开有卡 闲鱼火锅验货宝2,20109,5500,8550,25 17.01,2025,27808032,,
25.11,boy20彩虹荔枝 25开有卡 闲鱼妙蛙验货宝,18609,5080,9150,25 04.07,2025,25367419,,
26.11,boy20白金牛 20开有卡两个lv尘袋 dy,10000,3500,8088,25 12.01,2025,20502000,,
26.11,boy25 炭黑银荔枝 26开有票尘袋 单一,14000,4470,9257,24 26.12,2024,26538700,,
26.11,大mini炫彩粉金羊 20开有卡 闲鱼上学验货宝,14909,3700,4128,25 15.01,2025,20104360,,
27.11,boy25蓝金荔枝v纹 24开 闲鱼小菲验货宝,12109,4250,9905,25 15.01,2025,24955503,,
27.11,cf小号深绿银羊 25开 林林,17800,5400,10323,25 17.01,2025,25654012,,
28.11,2.55 225肉粉银牛 22开有卡 闲鱼大海验货宝,9079,3932,11917,25 14.05,2025,22150810,,
28.11,coco小号蓝银荔枝 23开有卡尘袋 闲鱼瑞锦验货宝,17108,4970,9306,25 03.04,2025,23462670,,
29.11,流浪小号黑 26开有卡 闲鱼奢侈验货宝,12108,3920,8112,24 26.12,2024,26523398,,
29.11,cf小号黑银荔枝 24开尘袋盒子 瑞奢,31000,8615,14724,25 24.01,2025,24979861,,
29.11,boy20深蓝金荔枝 26开 小牛,14500,4700,10538,25 12.10,2025,26423452,,
30.11,pst杏金荔枝16开尘袋 奢汇,7300,2705,6745,25 24.02,2025,16072689,,
01.12.,pst杏金荔枝 13开有卡票 闲鱼妮妮验货宝,6879,2630,6705,25 28.03,2025,13780099,,
01.12.,boy25黑金荔枝 20开lv尘袋 奢聚,17400,5100,9358,25 07.02,2025,20014424,,
01.12.,boy25灰金荔枝25开尘袋 名奢,14500,4650,9587,25 03.01,2025,25407735,,
01.12.,翻盖蓝银牛v纹 24开有卡 邹泰文,9300,2800,4974,24 31.12,2024,24105700,,
01.12.,boy25杏金牛v纹 23开邹泰文,8500,3350,8826,25 08.02,2025,23802605,,
02.12.,pst杏金荔枝 16开 闲鱼tb验货宝,7379,2660,6152,25 05.01,2025,16189104,,
02.12.,boy25黑金荔枝 27开 闲鱼二奢验货宝,18609,5268,8797,25 09.01,2025,27955636,,
02.12.,maxi浅粉银羊单盖 13开尘袋盒 闲鱼大刀验货宝,11409,3900,8878,25 18.01,2025,13112542,,
03.12.,cf中号黑银羊 20开尘袋 闲鱼一格验货宝,20909,5875,10026,25 07.02,2025,20035328,,
03.12.,翻盖金币浅粉金羊 21开有卡尘袋 闲鱼二手验货宝,9079,2990,6415,25 24.03,2025,21896087,,
03.12.,翻盖浅粉银荔枝 25开有卡 闲鱼酒酿验货宝2,9078,2990,6184,25 24.01,2025,25437858,,
03.12.,cf中号黑银羊 13开有卡盒 闲鱼克莉验货宝2,17916,6100,14106,25 17.01,2025,13844871,,
03.12.,cf中号黑金荔枝 19开尘袋 闲鱼我才是验货宝hubby,29109,8875,17727,25 08.01,2025,19837749,,
03.12.,19bag深蓝金羊31开有卡票 小盐,16500,4700,8845,25 01.08,2025,31047735,,
03.12.,cf中号杏金荔枝 15开大野兔子,22000,6600,12602,25 23.01,2025,15989177,,
04.12.,翻盖蓝金珐琅扣23开有卡 闲鱼碗装验货宝,9079,2990,6289,25 15.03,2025,23094032,,
04.12.,jumbo黑金羊双盖 14开 闲鱼戈壁验货宝,17109,4820,7850,25 08.01,2025,14562894,,
04.12.,cf中号深绿银羊 23开有卡 choco,17000,5400,12123,25 27.04,2025,23246648,,
04.12.,boy25黑金荔枝 23开有卡 小鱼,16300,5184,11676,25 12.09,2025,23562198,,
05.12.,cf中号黑金羊15开 ada,19200,5900,11922,25 14.03,2025,15787161,,
06.12.,boy25蓝金荔枝 25开有卡 闲鱼大者验货宝,13109,4500,10161,24 31.12,2024,25913135,,
06.12.,boy28深蓝绿金荔枝19开有卡尘袋盒 闲鱼内蒙验货宝,14109,4440,9054,25 12.01,2025,19975004,,
07.12.,cf小号黑金羊 18开尘袋 闲鱼卡酷验货宝,20109,6100,12100,25 10.02,2025,18941189,,
07.12.,翻盖有提手杏金羊 25开 闲鱼王贝乐验货宝,11309,3167,5603,25 13.06,2025,25451819,,
07.12.,maxi黑金荔枝单盖13开尘袋 koko,14500,4880,10861,25 10.01,2025,13774061,,
07.12.,boy25黑金荔枝24开有卡票 鹏古力,17300,5500,11300,25 12.01,2025,24326602,,
07.12.,翻盖红银荔枝 15开 一毛,7500,2700,6585,25 30.10,2025,15681728,,
07.12.,19bag杏银芯片 香玉,15000,4300,8265,25 14.06,2025,XGT87L4C,,
07.12.,boy25黑金荔枝28开 香玉,16800,5300,11093,25 15.02,2025,28005566,,
07.12.,boy25白金牛 20开lv尘袋 dy,10000,3580,8428,25 14.01,2025,20488457,,
08.12.,jumbo深灰银羊 16开 晴晴,15000,4600,8850,25 16.01,2025,16861828,,
09.12.,19bag深蓝金羊31开有卡尘袋 盖个,16600,4850,8925,25 14.02,2025,31057685,,
09.12.,19bag浅粉金羊31开有卡 喜物,16500,4800,9433,25 04.06,2025,31279816,,
10.12,boy25深粉金荔枝 23开 闲鱼别碰验货宝,11909,4050,9465,25 01.11,2025,23623374,,温州 25.02.20✔️10个/2月12出货
10.12,gst黑银荔枝 18开有卡lv尘袋 大野,9600,2880,5205,25 08.01,2025,18686513,,
11.12,boy25黑银荔枝 28开有卡 香玉,18800,5360,9100,25 20.01,2025,28991958,,
11.12,jumbo深红银荔枝双盖 15开有卡 小敏,14500,4830,10990,25 27.02,2025,15144949,,
12.12,jumbo红银荔枝 13开 闲鱼八月验货宝,13629,4400,10265,25 07.06,2025,13077716,,
12.12,coco小号粉金荔枝 27开有卡尘袋闲鱼evo验货宝,21609,4850,3908,25 02.04,2025,27532234,,
12.12,boy25黑银荔枝 23开 香玉,17500,5150,9300,25 16.01,2025,23145021,,
13.12,jumbo黑金羊单盖 13开 闲鱼佳佳验货宝,14109,3970,7352,25 09.05,2025,13376863,,
13.12,maxi黑银荔枝单盖 13开 闲鱼奢侈验货宝,16109,4600,7835,25 02.03,2025,13419996,,
13.12,宫廷深红金牛20cm 24开尘袋 闲鱼kelly验货宝,12109,3850,7698,25 08.01,2025,24220209,,
13.12,2.55 226黑银牛 19开有卡 一泽,8800,3725,10342,25 10.01,2025,1983168？,,
14.12,2.55 226白银牛12开 闲鱼王贝乐验货宝,8579,2877,6107,25 07.02,2025,12621546,,
15.12,cf中号炫彩杏金荔枝 16开 用臻,24000,6500,10482,25 12.03,2025,16344935,,
16.12,trendy25深蓝金羊24开有卡票尘袋 闲鱼yo验货宝,15109,4800,9893,25 16.01,2025,24803731,,
16.12,boy20黑银荔枝 19开有卡 闲鱼金星验货宝,18609,5080,7789,25 09.01,2025,19910065,,
16.12,trendy25黑金羊 23开尘袋 闲鱼小依验货宝,18109,4750,6594,25 19.01,2025,23179468,,
16.12,jumbo黑银羊双盖 14开有卡 闲鱼emily验货宝,16629,4850,8546,25 15.01,2025,14990646,,
16.12,maxi黑银荔枝双盖17开 闲鱼诚诚验货宝,18709,5150,8405,25 21.02,2025,17246709,,
16.12,coco小号蓝金荔枝25开有卡 闲鱼羊市验货宝,21109,5200,6069,25 01.03,2025,25206289,,
16.12,boy25黑银荔枝23开 菲娅,17300,5203,9653,25 03.01,2025,23139872,l2,
17.12,古巴25黑金荔枝 23开 闲鱼冰验货宝,8879,3300,8192,25 26.01,2025,23601088,,
17.12,boy25黑金荔枝28开 淄博,15500,5380,12582,25 21.01,2025,28013225,,
17.12,19bag小号浅粉金羊芯片尘袋 香玉,17000,4750,8644,25 28.04,2025,GGNUGJKC,,
18.12,翻盖黑 24开有卡 闲鱼时和验货宝,8699,2875,5866,25 14.01,2025,24173102,,
18.12,coco小号浅粉金荔枝31开有卡尘袋 闲鱼我不吃验货宝,22109,5600,7604,25 17.02,2025,31059935,,
18.12,jumbo黑金羊 19开尘袋 闲鱼ruin验货宝,17409,4900,8312,25 10.02,2025,19693026,,
18.12,boy25蓝金荔枝 23开有卡 闲鱼晒太阳验货宝,13609,4300,9461,25 01.05,2025,23467868,,
18.12,boy25黑金荔枝26开有卡尘袋 翘嘴,18800,5405,9716,25 01.04,2025,26663299,,
18.12,cf中号黑金荔枝 19开有卡尘袋 小敏,31300,7990,11365,25 23.02,2025,19682666,,
19.12,boy杏银羊16开有卡尘袋 邹泰文,9500,3080,6449,25 28.02,2025,16263233,,
19.12,boy25黑金牛 25开有卡尘袋 邹泰文,13000,4350,9716,25 07.02,2025,25374385,,
19.12,boy25黑金荔枝 25开有卡尘袋 邹泰文,18500,5300,9414,25 13.02,2025,25162323,,
19.12,翻盖粗链深蓝金羊 29开 邹泰文,12500,4200,10000,25 19.10,2025,29414275,,
19.12,boy20彩虹荔枝 25开有卡 邹泰文,17000,5400,12337,25 18.04,2025,25368255,,
19.12,翻盖深蓝银荔枝19开 闲鱼草莓验货宝,9329,2990,5866,25 17.01,2025,19944870,,
20.12,cf小号白金荔枝 27开 闲鱼杭州验货宝,23109,6990,14031,25 15.03,2025,27169404,,
20.12,pst黑金荔枝 11开 梦梦,8200,2900,6531,25 19.01,2025,11951583,,
20.12,翻盖chic黑金牛25cm 21开有卡 一拍,9950,3200,6411,25 21.01,2025,21759258,,
21.12,翻盖浅粉金羊金币22开有卡 闲鱼小雪验货宝,6579,3030,9403,25 19.05,2025,22207599,,
21.12,boy25黑银荔枝 18开有卡尘袋 闲鱼cici验货宝,14609,4500,8916,25 16.01,2025,18569629,,
21.12,cf小号白金荔枝 31开有卡尘袋 闲鱼亚当验货宝,29611,9100,18717,25 07.02,2025,31234976,,
21.12,jumbo杏金荔枝单盖14开 香玉,15000,4700,9598,25 06.04,2025,14270059,,
23.12,cf中号雾霾蓝16开有卡票尘袋盒 闲鱼jennie验货宝,17609,4830,7926,25 16.03,2025,16338884,,
24.12,trendy25深蓝金羊 20开有卡 闲鱼山城验货宝,16109,4640,8100,25 27.01,2025,20413927,,
25.12,chic深蓝金荔枝 21开 奢交,10600,3775,8851,25 21.01,2025,21837546,,
25.12,trendy25深粉金羊 26开lv尘袋 小晨,14500,4400,8589,25 14.02,2025,26439646,,
26.12,coco小号蓝金荔枝 25开有卡 尘袋 闲鱼2奢验货宝,18109,5300,10492,25 28.04,2025,25903157,,
27.12,boy28黑金荔枝23开尘袋 闲鱼北京,15800,5000,10567,25 16.02,2025,23834473,,
27.12,boy20黑银荔枝v纹 28开有卡尘袋盒闲鱼yo验货宝,16309,5250,12322,25 18.04,2025,28919617,,
28.12,boy25白金荔枝27开 闲鱼厦门验货宝,13809,4310,8947,25 31.10,2025,27519086,,
28.12,coco小号深红金荔枝 26开有卡 香玉,18500,5575,10612,25 21.01,2025,26738175,,
28.12,cf小号黑银荔枝 13开尘袋 安洁利,27000,7700,13578,25 15.01,2025,13750867,,
28.12,gst黑银荔枝 14开有卡 lucky,9800,2900,5120,25 24.01,2025,14253036,,
29.12,boy25黑银荔枝 28开尘袋 闲鱼送你验货宝,18609,5350,9500,25 07.02,2025,28204261,当时买的不是这个，更错了,
29.12,pst黑金荔枝 14开 yukie,8500,2900,6553,25 20.02,2025,14587483,,
29.12,19bag小号杏金羊 30开有卡 醒石,15200,3970,6203,25 26.07,2025,30277218,,
30.12,cf小号黑金荔枝 15开尘袋盒 王者,29000,8000,13417,25 24.01,2025,15957875,,
31.12,boy25黑银牛 18开 闲鱼周一验货宝,13609,4475,9600,25 22.01,2025,18565529,,
31.12,boy25蓝银牛 18开尘袋 闲鱼豆猫验货宝,10609,3784,9046,25 13.02,2025,18560588,,
31.12,cf小号浅粉金荔枝 芯片 萌面人,28800,9500,21545,25 02.03,2025,G41A559E,,
31.12,boy28黑银荔枝 28开尘袋 11,15700,4880,9872,25 07.02,2025,28864665,,
,,,,,,,,,
,,,,,,,,,
,,,,,,,,,
,,,,,,,,,
,,,,,,,,,
,,,,,,,,,
,,,,,,,,,
,,,,,,,,,
,,,,,,,,,
,,,,,,,,,
,,,,,,,,,
,,,,,,,,,
,,,,,,,,,
,,,,,,,,,
,,,,,,,,,
,,,,,,,,,
,,,,,,,,,
,,,,,,,,,
,,,,,,,,,
,,,,,,,,,
,,,,,,,,,
,,,,,,,,,
,,,,,,,,,
,,,,,,,,,
,,,,,,,,,
,,,,,,,,,
,,,,,,,,,
,,,,,,,,,
,,,,,,,,,
,,,,,,,,,
,,,,,,,,,
,,,,,,,,,
,,,,,,,,,
,,,,,,,,,
,,,,,,,,,
,,,,,,,,,
,,,,,,,,,
,,,,,,,,,
,,,,,,,,,
,,,,,,,,,
,,,,,,,,,
,,,,,,,,,
,,,,,,,,,
,,,,,,,,,
,,,,,,,,,
,,,,,,,,,
,,,,,,,,,
,,,,,,,,,
,,,,,,,,,
,,,,,,,,,
,,,,,,,,,
,,,,,,,,,
,,,,,,,,,
,,,,,,,,,
,,,,,,,,,
,,,,,,,,,
,,,,,,,,,
,,,,,,,,,
,,,,,,,,,
,,,,,,,,,
,,,,,,,,,
,,,,,,,,,
,,,,,,,,,
,,,,,,,,,
,,,,,,,,,
