11.04,tote灰动物园41cm 50ma1200 闲鱼中古奢汇店,9576,2023,,,,,
24.05,五格羊皮玫红金 01BO0164 闲鱼只做,6000,2023,,,,,
23.09,蒙田中号玫红 卡尘袋29ma0199 闲鱼雷闪闪hubby,5700,2023,,,,,
22.11,三格蜥蜴皮玫红 链条肩带 18ma1103闲鱼是楠楠姐,9195,2023,,,,4.25香港拿回04,
11.12,老花化妆包 06bo0290 尘袋 闲鱼六号,5979,2023,,,,,
28.12,中号皮tote灰 62ma1129 闲鱼陈曦验货宝,7079,2023,,,,,
9.02,皮tote 灰中号 62ma0220 卡 闲鱼grace验货宝,7679,2024,,,,,
27.02,三格亮面银 皮肩带 13bo0116有卡票 闲鱼暴富验货宝,6409,2024,,,,,
22.04,bobby新月蓝绿 19ma0232 闲鱼ghost验货宝hubby,8579,2024,,,,,
22.04,蒙田30红金1108？ 闲鱼小八验货宝hubby,5179,2024,,,,,
26.04,d-joy 25cm 白钻石纹牛 票 闲鱼买买验货宝hubby,14609,2024,,,,,
20.05,马鞍小号荔枝皮 有老花肩带尘袋05ru0261 闲鱼twq验货宝,9679,2024,,,,,
15.07,三格亮面银 皮肩带 15bo1106 闲鱼戴安娜验货宝,7579,2024,,,,,
27.07,马鞍中号深绿荔枝01bo0149尘袋 闲鱼芥末验货宝,8579,2024,,,,,
07.08.,三格珠光粉金羊 15bo0166链条卡闲鱼小林验货宝,10609,2024,,,,,
16.09,四格黑金羊铆钉 18ma0187闲鱼顶着验货宝,7103,2024,,,,,
18.09,四格深粉银羊 18ma1116 闲鱼洛晴验货宝,10078,2024,,,,,
07.10.,四格黑金羊 29ma0128卡 闲鱼大富翁验货宝,13609,2024,,,,,
17.10.,蒙田30黑金牛 19ma0159 闲鱼云朵验货宝,7279,2024,,,,,
25.11,蒙田30浅绿金荔枝 09bo0210卡 闲鱼myself验货宝,7179,2024,,,,,
02.01.,马鞍小号紫 新款肩带款 卡尘袋 闲鱼小炫妈妈验货宝,8079,2025,,,,,
14.01,四格灰金羊铆钉 28ma0147尘袋 小白,6300,2025,,,,,
16.01,caro小号黑金牛 62ma0221 闲鱼流星验货宝,10078,2025,,,,,
19.01,三格蓝银羊 01bo0124尘袋 贵妃,7500,2025,,,,,
04.02.,七格黑金牛油蜡 09bo0137卡尘袋 闲鱼爱马仕验货宝,8079,2025,,,,,
05.02.,五格黑金羊铆钉01bo1127尘袋 MICO,7000,2025,,,,,
18.02,djoy中号白金羊10ma1221两张卡尘袋盒 金乌,17000,2025,,,,,
21.02,djoy中号白金羊 10ma1221卡 闲鱼南方验货宝,15609,2025,,,,,
24.02,五格亮面粉金银牛16bo0176卡 闲鱼喝咖啡验货宝hubby,5079,2025,,,,,
25.02,蒙田全黑荔枝 19ma0250闲鱼我是验货宝,7579,2025,,,,,
25.02,五格亮面金金牛 01bo1106 fair,4500,2025,,,,,
25.02,三格亮面金金牛 船长,6600,2025,,,,,
28.02,djoy中号白金羊10ma1221 社恐,15000,2025,,,,,
01.03.,四格深绿金羊 18ma0169卡 abc 小爱,12500,2025,,,,,
09.03.,五格深粉金羊 15bo0124 汇奢 龙泉,5500,2025,,,,,
13.03,四格浅蓝金羊铆钉 28ma0157 欣欣,6100,2025,,,,,
13.03,四格灰金羊 18ma0157 瑞雅 hubby,11000,2025,,,,,
17.03,三格杏金蜥蜴 链条 欣欣,9000,2025,,,,,
17.03,三格黑金羊铆钉 04ma0118 anjie,7300,2025,,,,,
20.03,五格亮面金01bo1117卡 海奢,5200,2025,,,,,
20.03,三格杏银蜥蜴 04ma0126卡尘袋盒 闲鱼阿心验货宝hubby,8591,2025,,,,,
21.03,马鞍中号黑荔枝 28ma0260老花肩带 熊猫,8800,2025,,,,,
21.03,马鞍中号黑荔枝 28ma0230卡尘袋 陈姐,9000,2025,,,,,
21.03,五格深粉金羊 01bo0193尘袋 陈姐,6400,2025,,,,,
24.03,四格灰金羊 29ma1117 真典,12000,2025,,,,,
25.03,四格黑金羊 29ma1106 晰然hubby,13800,2025,,,,,
26.03,四格灰金羊 01ru0158 木子,11000,2025,,,,,
28.03,四格黑金油蜡皮 29ma0138 梦梦,9100,2025,,,,,
29.03,五格黑金羊铆钉翻盖 01bo0197 汇享hubby,7000,2025,,,,,
31.03,三格深粉金羊 18ma0194卡尘袋 阿辉,8300,2025,,,,,
31.03,三格灰金羊 id0280 链条 南木,13000,2025,,,,,
31.03,五格深粉银羊 16bo1103卡 闲鱼锅巴验货宝hubby,5579,2025,,,,,
31.03,四格红金羊 18ma0137卡尘袋 闲鱼哈哈验货宝hubby,8279,2025,,,,,
01.04.,五格蓝银羊 无肩带15bo0154 闲鱼伍伍验货宝,5079,2025,,,,,
02.04.,五格黑银羊 18ma0173 小晨hubby,8850,2025,,,,,
03.04.,马鞍小号黑金荔枝19ma0198 小柯,7500,2025,,,,,
03.04.,四格南瓜橙金羊 abc 18ma0149 鑫越,11200,2025,,,,,
03.04.,四格深蓝银羊 29ma0177 长沙小鱼,11000,2025,,,,,
04.04.,四格黑金油蜡 29ma0138 汇奢,9300,2025,,,,,
05.04.,四格深蓝银羊 29ma0196 禾程,9500,2025,,,,,
05.04.,三格粉银羊 04ma1112 雅兰hubby,8300,2025,,,,,
06.04.,djoy小号灰金羊 83ma1222尘袋 闲鱼普通验货宝,15309,2025,,,,"7,27麻麻拿回03，已回来",温州 25.09.24✔️10个/9月12日出货
07.04.,五格深粉金羊 15bo1104 金沐,6800,2025,,,,,
07.04.,蒙田东西肉粉金荔枝 02ma0290 三景,8200,2025,,,,,
07.04.,四格黑金油蜡 29ma0148 南南,9600,2025,,,,,
08.04.,四格雾霾蓝金羊 abc18ma0159 闲鱼roy验货宝,12709,2025,,,,,
09.04.,四格黑金油蜡 29ma0148尘袋 winky,9500,2025,,,,,
10.04.,蒙田东西黑金荔枝 09bo0241 lan奢,8500,2025,,,,,
15.04,四格黑金油蜡 29ma1127 佳德盛,9300,2025,,,,,
17.04,三格黑金羊铆钉 04ma0118 欢吾hubby,7200,2025,,,,,
18.04,四格红金羊 18ma0197 kd35,8600,2025,,,,,
20.04,四格深绿金羊 18ma0159 abc 阿慈,12500,2025,,,,,
20.04,五格黑黑羊全黑 29ma1210无肩带 优奢汇hubby,8500,2025,,,,,
21.04,四格黑金油蜡 29ma1127 lzy,8500,2025,,,,,
21.04,四格太空银 29ma0168 闲鱼再无来世验货宝,8591,2025,,,,,
22.04,五格深粉金羊 11ma0172卡 原鉴,5800,2025,,,,肩带拿给4000无肩带的了,
24.04,四格红金羊 29ma0177 霞,8500,2025,,,,,
25.04,五格黑金羊 18ma0116 进进,8500,2025,,,,,
25.04,五格白金羊铆钉16bo0117 hubby,5500,2025,,,,,
27.04,四格黑金油蜡 29MA1127 小美妈,9200,2025,,,,,
28.04,三格黄银羊 17bo0146链条 暖阳,8500,2025,,,,,
30.04,五格白金荔枝翻盖 01bo1117尘袋 用臻,6000,2025,,,,,
30.04,五格黑金荔枝翻盖 01bo0158尘袋 猞丽,9600,2025,,,,,
02.05.,三格黄银羊 04ma1103 w羊,8300,2025,,,,,
02.05.,四格灰金羊 01ru1118 中古栈,10500,2025,,,,,
04.05.,五格红银羊 15bo0163卡 老杜hubby,5300,2025,,,,,
08.05.,五格黑银羊 闲鱼小鲤鱼验货宝hubby,8079,2025,,,,,
10.05.,四格枪金牛 29ma0139 abc 君君,9500,2025,,,,,
12.05,三格灰金羊 18MA0136卡尘袋 链条 闲鱼royez验货宝,11609,2025,,,,,
14.05,五格亮面金 ma0175 小温,4700,2025,,,,,
14.05,三格深粉金羊 18ma0116 爱奢hubby,8000,2025,,,,,
16.05,三格灰金羊 11ma0199 链条 瑞雅hubby,10600,2025,,,,,
18.05,caro中号黑金牛 62ma0242 闲鱼验货宝,10709,2025,,,,,
18.05,四格灰金羊 18ma0197 夏日,11000,2025,,,,,
19.05,三格深粉金羊 04ma0163 千奢hubby,6700,2025,,,,,
19.05,三格亮面玫瑰金银 15bo1117链条卡尘袋 lan奢汇小程,8200,2025,,,,,
21.05,五格亮面金 16bo1105卡票尘袋盒 in兴兴,5000,2025,,,,,
23.05,五格灰金荔枝 01bo0147宽肩带 李柯,6200,2025,,,,,
24.05,caro中号灰 09ma0261 闲鱼滑翔伞验货宝,10079,2025,,,,,
25.05,三格灰金羊 01bo0148卡链条 奢艺,11000,2025,,,,,
27.05,caro大号黑金牛 19ma0221 西西hubby,9500,2025,,,,,
31.05,四格深粉金羊 18ma0118卡票尘袋 闲鱼海蓝验货宝,11109,2025,,,,,
31.05,caro中号黑 62ma0241 咕噜,12000,2025,,,,,
04.06.,四格枪银牛 18ma0210卡尘袋 闲鱼小雯验货宝,10609,2025,,,,,
05.06.,caro小号灰金牛 62ma0271 万奢hubby,7300,2025,,,,,
06.06.,蒙田30灰荔枝全灰 19ma1129尘袋 聚微,7200,2025,,,,,
07.06.,蒙田东西杏金荔枝09bo0260有卡 5吴彦祖hubby,6200,2025,,,,,
08.06.,五格黑金荔枝翻盖 宽肩带05bo0127 佛阳子,9500,2025,,,,,
10.06,五格亮面粉银 16bo0155 济南站,4600,2025,,,,,
11.06,五格浅粉金羊 18ma1115 壹嘉,6500,2025,,,,,
12.06,五格深蓝银羊 15bo0164 薇薇,6700,2025,,,,,
13.06,caro大号灰金牛 28ma0261 星也,9000,2025,,,,,
14.06,CARO大号杏金牛 28ma0211 卡 奢乐,8000,2025,,,,,
16.06,三格灰金羊 15bo0118 luisa,9800,2025,,,,,
16.06,四格全灰 01bo1210尘袋 懒惰,13900,2025,,,,,
16.06,CARO中号黑金牛 19ma0251 闲鱼高性价验货宝,11309,2025,,,,,
20.06,五格黑金荔枝 宽肩带 01bo1127 春花,9000,2025,,,,,
22.06,caro中号灰金牛 62ma0291 卡票盒 x趣淘,10100,2025,,,,,
22.06,五格白银荔枝 16bo0125 无肩带 迪总,6519,2025,,,,,
27.06,四格黑金羊 abc卡尘袋盒01ru1119 周一,13500,2025,,,,,
07.07.,caro中号黑金牛 19ma0261卡尘袋 一路向钱,11600,2025,,,,,
08.07.,四格灰金羊 01ru1127尘袋 臻新,11500,2025,,,,,
09.07.,四格深绿金羊 18ma0149abc卡尘袋 alin,11500,2025,,,,,
12.07,五格黑金荔枝翻盖 宽肩带 05bo0137卡票尘袋盒 米兰,10000,2025,,,,,
13.07,caro中号黑金牛 19ma0251 蜜皇,11500,2025,,,,,
14.07,五格黑金荔枝翻盖 宽肩带01bo0137 12345,9500,2025,,,,,
14.07,caro中号黑金牛 28ma0264卡尘袋盒 闲鱼潮玩验货宝,11609,2025,,,,,
17.07,五格银金荔枝 宽肩带翻盖 01bo0197 小阿健,5600,2025,,,,,
22.07,三格深粉银蜥蜴皮 21ma1115 gk,9000,2025,,,,,
28.07,三格黄银羊 04ma0163 w羊,8000,2025,,,,,
01.08.,三格深粉金羊 18ma1124 w羊,8000,2025,,,,,
02.08.,djoy中号黑金羊 01ru1212尘袋 闲鱼独一验货宝,17809,2025,,,,,
03.08.,djoy中号粉金羊 85ma0292 闲鱼黄胖子验货宝,14639,2025,,,,,
03.08.,djoy中号黑金羊 10ma0232尘袋卡 闲鱼浙李验货宝,15121,2025,,,,,
03.08.,三格红金羊 18ma0175 w羊,7600,2025,,,,,
09.08.,四格紫金羊 abc88ma0293票 闲鱼验货宝,11109,2025,,,,,
11.08,三格红金羊 01bo0114卡尘袋 w羊,7500,2025,,,,,
11.08,三格深粉金羊 01bo0114卡尘袋 w羊,7800,2025,,,,,
11.08,djoy中号粉金羊 85ma0292 壮壮,13000,2025,,,,,
24.08,五格粉银羊 15bo0162卡尘袋 明,6600,2025,,,,,
29.08,五格黑金羊 16bo0194 用臻,8500,2025,,,,,
30.08,四格渐变蓝金羊 18ma1220 潮库,10200,2025,,,,,
03.09.,四格枪银金牛 18ma1119 gd,9000,2025,,,,,
08.09.,三格亮面深粉银 15bo0136卡尘袋 闲鱼hurri验货宝,5079,2025,,,,,
13.09,七格黑金羊 05ma0173无肩带 闲鱼舞台验货宝,4379,2025,,,,,
13.09,五格粉金羊 15bo0195卡 闲鱼如诗验货宝,6279,2025,,,,,
15.09,五格白银荔枝 15bo0125卡香奈儿尘袋 鼎好奢,8500,2025,,,,,
16.09,四格深蓝银羊 18ma0157 闲鱼敏敏验货宝,8879,2025,,,,,
25.09,djoy中号砖红豆沙粉 85ma0292 闲鱼拿个验货宝hubby,13109,2025,,,,,
27.09,五格白银荔枝 15bo0125 闲鱼88711验货宝,7079,2025,,,,,
04.10.,三格蓝银蜥蜴钻扣 04ma0147尘袋 有闲,16500,2025,,,,,
14.10.,三格亮面玫瑰金银 15bo1117链条卡尘袋 花花,6200,2025,,,,,
21.10.,三格亮面渐变 15bo0156 闲鱼鱼岛验货宝,6279,2025,,,,,
23.10.,四格深蓝金羊 29ma1117 质库陈,9800,2025,,,,,
25.10.,七格黑金荔枝翻盖 01bo0118 无肩带 福如,4000,2025,,,,,
25.10.,七格blush肉粉金荔枝翻盖 01bo0168 无肩带 西安静姐,3500,2025,,,,,
28.10.,三格枪金金牛 链条18ma0158 九筒,7800,2025,,,,,
30.10.,caro中号杏金牛 28ma0291 热殿,8500,2025,,,,,
31.10.,五格浅粉金羊 01bo0193 等来,7500,2025,,,,,
31.10.,五格blush粉金荔枝翻盖 01bo0137尘袋 灯泡,7200,2025,,,,,
01.11.,djoy中号杏金羊 01ru1212 小小,14800,2025,,,,,
01.11.,三格枪金金牛 18ma1118链条 in兴兴,6500,2025,,,,,
01.11.,五格黑金羊 18ma0153 乘风,6000,2025,,,,,
01.11.,三格黑金羊 18ma0145 sylvia,10200,2025,,,,,
02.11.,马鞍中号老花 36ma1220尘袋票 彤彤,8200,2025,,,,,
02.11.,三格绿银蜥蜴 卡链条26ma0117 达琳,10300,2025,,,,,
04.11.,四格黑金羊 09ma0138 臻新,11400,2025,,,,,
06.11.,四格全黑羊 18ma0211尘袋盒 奢艺,13800,2025,,,,,
07.11.,四格灰金羊 29ma0158两张卡尘袋 w羊,11000,2025,,,,,
09.11.,七格浅粉金羊 15bo0124尘袋 悦奢,5500,2025,,,,,
09.11.,四格中粉金羊 18ma1127 赢赢,9000,2025,,,,,
10.11.,四格红金羊 29ma0167卡尘袋 w羊,8000,2025,,,,,
10.11.,四格blush金羊 18ma0167 梦梦,10000,2025,,,,,
11.11,五格黑金羊 96ma1120 影子,7000,2025,,,,,
11.11,三格深红金羊 18ma0168链条 酷熊,8800,2025,,,,,
12.11,四格红金羊 29ma0129尘袋abc w羊,8000,2025,,,,,
13.11,五格浅粉金羊 18ma0194 肆三,7500,2025,,,,,
15.11,五格黑金羊 18ma0199 春花,7000,2025,,,,,
15.11,五格浅粉金羊 15bo0134卡尘袋 周一,7000,2025,,,,,
16.11,五格黑金羊 02ma1114 好椰,7800,2025,,,,,
17.11,马鞍中号环球印花 50ma0220有灰宽肩带 冠豪,8700,2025,,,,,
17.11,三格亮面银银 17bo0146 闲鱼啦啦验货宝,5579,2025,,,,,
18.11,五格浅粉金羊 11ma0152 兔总,5800,2025,,,,,
20.11,五格黑金羊 15bo1122 妮妮,6200,2025,,,,,
21.11,四格白金羊 01ru1118卡尘袋 闲鱼爱漂亮验货宝,9079,2025,,,,,
22.11,三格白银羊 18ma0146 硬箱,5500,2025,,,,,
23.11,四格粉金羊 18ma1107 sheep,9500,2025,,,,,
23.11,三格深蓝银油蜡 18ma1104链条 sheep,8000,2025,,,,,
24.11,四格黑金羊 abc 01ru0159尘袋 臻新,12500,2025,,,,,
25.11,四格灰金羊 abc 18ma0159 九格,9000,2025,,,,,
25.11,四格粉金羊blush abc29ma1128 思悦,10300,2025,,,,,
26.11,三格珠光粉金羊 15bo0195卡链条 asen,9400,2025,,,,,
26.11,三格黑银羊 18ma1114链条 王公子,10000,2025,,,,,
26.11,五格粉金羊 01BO0173 绎奢,6500,2025,,,,,
27.11,蒙田黑金牛 29ma0139 湘澜,6300,2025,,,,,
28.11,四格白金羊 abc 09ma0159 丘帅,9000,2025,,,,,
28.11,五格黑金羊 18ma0134 心选柒,7300,2025,,,,,
29.11,四格深蓝金羊 29ma1117卡尘袋 炫炫,9600,2025,,,,,
29.11,五格杏金羊 18ma0168无肩带 无极,4500,2025,,,,,
30.11,三格黑银羊 18ma0116 链条 欣宇sunny,9500,2025,,,,,
30.11,七格浅粉金羊 02ma1122 关宇,4700,2025,,,,,
02.12.,三格黑金羊 18ma0175尘袋 jo,11300,2025,,,,,
02.12.,三格深蓝银羊 18ma0148链条尘袋 庄庄,9200,2025,,,,,
03.12.,四格blush杏金羊 01ru1109 abc 盈希,10000,2025,,,,,
03.12.,四格黑金羊 29ma1107卡 奢纳,11700,2025,,,,,
03.12.,四格金金蜥蜴皮 11ma1128卡尘袋盒 甄宸785,12500,2025,,,,,
03.12.,三格珠光粉金羊 15bo0166尘袋 甄宸785,9500,2025,,,,,
03.12.,四格蓝灰金羊 01ru0168两张卡尘袋 abc w羊,10500,2025,,,,,
04.12.,四格白金羊 18ma0197卡尘袋 闲鱼臭宝验货宝,9079,2025,,,,,
05.12.,四格黑金羊 09ma0128 沉默,10200,2025,,,,,
05.12.,五格深灰金羊 ma0160老款 金华,6000,2025,,,,,
05.12.,三格银银蜥蜴 04ma0127 雪儿,9500,2025,,,,,
06.12.,四格豆沙金羊 09ma0168 小瓢虫,9300,2025,,,,,
06.12.,四格浅粉金羊 29ma0197 梦梦,8650,2025,,,,,
08.12.,三格金金荔枝 ma0178链条 盼盼,9300,2025,,,,,
09.12.,三格深红金羊 18ma0168链条 土星,8500,2025,,,,,
09.12.,三格黑银羊 15bo1125链条 土星,9500,2025,,,,,
10.12.,三格灰金羊 01bo0148链条卡尘袋 关宇,9200,2025,,,,,
10.12.,三格亮面金金牛 15bo1107链条尘袋 里里,8200,2025,,,,,
11.12.,五格黑金羊 18ma0125尘袋 张大威,8200,2025,,,,,
12.12,四格黑金羊 09ma0147 菜菜,10000,2025,,,,,
12.12,四格深蓝银羊 29ma0196 董涛,8800,2025,,,,,
12.12,四格太空银 29ma1128卡 猪猪,7200,2025,,,,,
13.12,三格全黑牛 15bo0220链条 闲鱼梦缘验货宝,13909,2025,,,,,
13.12,三格全黑牛 18ma0241链条 闲鱼兔兔验货宝,13909,2025,,,,,
13.12,五格深红银羊 96ma0141 闲鱼sami验货宝,5179,2025,,,,,
