1.01,四格黑金羊29ma1106 闲鱼本公司验货宝 hubby,13609,4100,7639,24 01.03,2024,,
2.01,四格红金羊 卡尘袋 29ma0118 仙石,9000,3200,7531,24 08.02,2024,,
3.01,五格黑金羊铆钉 肩带16bo0127 vintage80,6500,2670,6848,24 29.02,2024,,
3.01,四格黑金羊 29ma0196 梦梦,13600,4100,7600,24 03.03,2024,,
3.01,四格黑银羊 肩带29ma1116 闲鱼北京 验货宝,13854,4100,7307,24 18.07,2024,,
3.01,马鞍全黑中号 09ma0139闲鱼上善验货宝 hubby,8279,2800,6302,24 28.06,2024,,
4.01,三格银宽肩带 肩带卡 02ma0137 郑州,7270,3000,8087,24 16.02,2024,,
4.01,四格太空银 少一个徽章 29MA0157 闲鱼魏猛,8530,3200,7490,24 01.02,2024,其实是1月31日卖的,
5.01,三格亮面银银 链条肩带 17bo0119 来来,7530,2929,7423,24 01.04,2024,,
5.01,中号白色荔枝皮马鞍 肩带 闲鱼ringo 验货宝,12109,2950,5090,24 26.01,2024,,
5.01,四格太空银 18MA0198 尘袋卡票 琳琳,9230,3180,6854,24 09.04,2024,24过年拿回11，已回来,温州 24.03.17✔️ 19个
5.01,四格太空银 01ru0149卡尘袋 闲鱼舒克验货宝 hubby验货宝,9079,3150,7289,24 08.03,2024,,
5.01,四格太空银 01ru1127 尘袋闲鱼sxts验货宝 hubby,8579,3200,7453,24 06.02,2024,,
6.01,五格黑银羊 老款 0032 肩带 四喜,4000,1990,6171,24 04.04,2024,,
6.01,三格铆钉红金 情人节款 04ma0117闲鱼x***4验货宝hubby,6579,2650,6805,24 26.03,2024,,
6.01,三格深粉金羊 01bo0194闲鱼冀奢hubby,8000,2900,6911,24 22.02,2024,,
7.01,四格黑金羊 肩带29ma0158 意奢,11050,4150,10372,24 29.05,2024,肩带拿回 已回来,
9.01,五格灰银羊15bo0144 肩带 邹泰文,6000,2500,6578,24 25.02,2024,,
10.01,三格枪灰金宽肩带 肩带02ma0127 奢侈品包包,8030,2900,6531,24 27.02,2024,,
10.01,四格太空银 29ma0157闲鱼瓦杜兹验货宝 hubby,8579,3100,7166,24 30.03,2024,,
11.01,四格墨绿金羊 肩带卡尘袋 01ru0158 初日,12230,3900,7988,24 20.02,2024,,
11.01,tote 焦糖色全皮62ma0260 邹泰文,5800,1990,4018,24 16.02,2024,,
11.01,四格灰金羊铆钉 肩带28ma0147 黄金,6530,2900,8318,24 04.04,2024,,
12.01,四格深红金羊 18ma0199 闲鱼喊个验货宝 hubby,11609,3500,6242,24 16.02,2024,,
14.01,五格亮面 肩带卡 浩泽 0145,5000,2100,5826,24 25.03,2024,,
16.01,caro中号雾霾蓝 卡票尘袋62ma1212 闲鱼找我验货宝hubby,12609,3800,7470,24 11.03,2024,,
17.01,三格珠光粉金羊 肩带16bo1125 1号站,11000,3600,7555,24 27.03,2024,,
18.01,四格褐黄羊金 29ma1107 W,12200,3600,6264,24 27.03,2024,,
18.01,四格黑金羊 字母肩带29ma1118 希泰,11200,4200,10943,24 15.03,2024,,
18.01,三格黑金羊18ma0145 皮肩带 邹泰文,9000,3600,9429,24 09.03,2024,,
19.01,蒙田30 黑金 全套 闲鱼有抱负的 09bo？ 验货宝,9309,3100,6811,24 30.03,2024,,
21.01,三格香槟金油蜡皮 链条肩带 15bo0166 熙来汇,8000,2700,5779,24 17.03,2024,,
21.01,五格珠光灰金羊 闲鱼希尔15bo0194 比弗利hubby,6500,2880,8061,24 14.05,2024,,
23.01,caro大号黑 卡票尘袋盒子 闲鱼你想要 hubby,12500,3900,7903,24 30.03,2024,,
23.01,四格红金羊 29ma0167 闲鱼勤劳 hubby,9000,3100,6618,24 19.04,2024,,
29.01,五格珠光粉金羊 肩带尘袋 18ma0146 louis,7500,2700,6300,24 21.07,2024,,
30.01,七格玫红银羊16bo0144 闲鱼用户4033 hubby,4300,1880,5064,24 23.07,2024,,
30.01,中号马鞍刺绣 卡票50ma1210 闲鱼阿蛋蛋验货宝hubby,12309,3700,7034,24 09.03,2024,,
31.01,be金色荔枝皮 肩带 希泰hubby,2500,1150,3238,24 20.08,2024,,
5.02,四格黑金羊 有卡盒子29ma1106 闲鱼man hubby,14500,4318,8058,24 26.04,2024,,
7.02,皮tote 雾霾蓝中号 62ma0260 闲鱼豆丁验货宝,6579,2200,4682,24 20.08,2024,,
17.02,caro中号黑 09ma0251 卡尘袋盒子09ma0251 闲鱼睡不醒hubby,13300,4000,7829,24 12.07,2024,,
18.02,三格亮面银 皮肩带 2016中国卡尘袋15bo1115 闲鱼大橙子验货宝hubby,8279,2750,5874,24 26.04,2024,,
18.02,四格黑金羊 29ma0127 尘袋 闲鱼夏日 验货宝hubby,13500,4300,8616,24 29.04,2024,,
19.02,布tote 灰中号 50ma0280 卡 闲鱼z422 验货宝,7579,2500,4926,24 12.04,2024,,
21.02,四格雾霾蓝金01ru0198 卡票尘袋h***验货宝,12417,3950,8400,24 31.10,2024,"4.25香港拿回03, 已回来",温州 24.10.14✔️41个/10月6日出货
21.02,三格珠光粉金羊 肩带闲鱼lpy hubby个人直拍，编码没给,8020,3600,10311,24 18.04,2024,,
22.02,五格玫红金羊 肩带05ma0173闲鱼此地 验货宝hubby,6300,2300,5181,24 11.04,2024,,
24.02,三格亮面银 皮肩带 17bo0146尘袋 闲鱼老徐验货宝,7609,2800,6738,25 22.02,2025,,
26.02,五格亮面银 皮肩带 16bo0126 闲鱼九年,5530,2100,5423,24 29.08,2024,,
26.02,四格香槟金金 有卡 字母肩带 29ma1128 中南,9500,3500,8593,24 28.04,2024,,
27.02,四格桃粉金羊 字母肩带 18ma1129 炎,14000,4025,6500,24 31.10,2024,4.25香港拿回02 已回来,温州 24.06.06✔️15个/5月21日出货
27.02,马鞍中号乳白荔枝皮 09ma0250卡票尘袋 闲鱼km 验货宝,9579,3180,7022,24 26.03,2024,,
27.02,四格蓝紫银羊 肩带 29ma0196 超,11500,3680,7250,24 28.04,2024,,
27.02,五格珠光粉 无肩带18bo1107 东盈,5030,2250,6222,24 29.05,2024,,
27.02,四格太空银全套29ma0157 闲鱼贤 验货宝hubby,7879,3404,9811,24 13.05,2024,vc卖出,
27.02,四格黑金羊 肩带 济南hubby,10888,4600,12800,24 14.05,2024,编码没问01RU1119?,
28.02,七格龙虾粉银羊 16bo1102 肩带 w,5100,1900,4239,24 27.06,2024,,
29.02,五格亮面金 皮肩带 16bo1106 闲鱼安洁利,5230,2035,5000,24 07.11,2024,,
29.02,七格黑银羊 18ma1123 肩带卡 初日,7300,2600,6500,24 05.04,2024,,
3.03,四格太空银29ma1107 闲鱼昊辰,9000,3168,7031,24 19.04,2024,,
3.03,马鞍中号蓝金荔枝皮 01bo0129 闲鱼在上海验货宝hubby,9579,2933,5246,24 07.05,2024,,
7.03,马鞍中号白金荔枝皮 05ru0291 奢慧,9000,3200,7351,24 27.03,2024,,
8.03,四格金金牛 宽肩带 29ma0137 尚品,8830,2990,6288,24 07.05,2024,,
9.03,五格黑金羊 18ma0167 肩带 闲鱼爱吃,8800,3218,7534,24 18.04,2024,,
9.03,三格玫红金 肩带 04ma0193 樱桃,8200,3000,6934,24 28.04,2024,,
10.03,四格铆钉灰金羊 肩带 29ma0147 馨奢汇,8030,2780,6079,24 24.06,2024,,
10.03,七格黑银羊 肩带15bo0174 闲鱼一玲验货宝hubby,8119,2836,6269,24 11.04,2024,,
11.03,三格亮面金 肩带 15bo1115 梨子,7050,2600,6088,24 26.12,2024,,
11.03,四格红金羊 29ma0148 梦梦,9000,3100,6754,24 09.06,2024,,
11.03,七格黑银羊 无肩带05ma0049 闲鱼风韵验货宝hubby,4379,2300,7054,24 19.04,2024,,
12.03,七格黑金羊 18ma1123 卡 肩带 多多,6000,3000,9562,24 10.04,2024,,
12.03,七格土黄金羊 08ma0171 肩带 寺贝,5000,1990,4851,24 28.06,2024,,
12.03,五格银金牛 宽肩带 01bo0147 rgs,8030,2680,6093,24 23.09,2024,5月1号丫丫带回03，已回来,温州 24.09.13✔️48个9条项链/8月28日·9月2日·9月6日出货
13.03,三格亮面金 链条肩带 15bo1117 little,8030,2880,6549,24 20.05,2024,,
14.03,三格亮面银 皮肩带 15bo0126卡芙巧,7230,2700,6699,24 04.07,2024,,
15.03,caro大号杏色 28ma0211 邹泰文,11000,3715,7944,24 22.04,2024,,
15.03,五格金属色牛 18ma0158 肩带 邹泰文,7500,2650,5821,24 26.04,2024,,
15.03,五格玫红金羊 肩带 01bo0193 邹泰文,7000,2309,4617,24 03.05,2024,,
18.03,四格灰金羊 29ma0169 卡肩带派大星,14000,4118,7578,24 04.05,2024,,
18.03,马鞍小号黑金 有肩带 09ma1128 雾都,9600,2800,4950,24 11.04,2024,,
18.03,caro大号黑色卡票尘袋19ma0221 闲鱼哈利hubby,10000,3900,10252,24 18.04,2024,,
18.03,四格黑金油蜡皮 29ma1127肩带 last,9230,3250,7584,24 26.04,2024,,
19.03,四格金金牛 宽肩带 29ma0137 小扬,8330,2990,6712,24 01.05,2024,,
20.03,四格金金牛 宽肩带 有卡29ma0137 闲鱼大眼睛验货宝,8879,2950,6100,24 13.06,2024,,
23.03,马鞍中号黑荔枝皮 有肩带29ma1118 尘袋小美,11500,3200,6762,24 02.05,2024,肩带算了2000,
28.03,马鞍中号雾霾蓝荔枝皮 09ma0169尘袋 闲鱼毛毛虫验货宝,9579,2950,5416,24 17.05,2024,,
28.03,马鞍中号草绿荔枝皮 05ru0210 闲鱼AZ验货宝,9379,2830,5026,24 04.05,2024,,
28.03,马鞍中号黑荔枝皮 09ma0169尘袋 闲鱼午夜虫验货宝,10609,3200,5687,24 29.04,2024,,
28.03,四格红金羊 29ma1107 卡肩带 梦梦,9200,3118,6869,24 30.04,2024,,
28.03,五格黑银羊 18ma0125肩带尘袋 闲鱼校长 hubby验货宝,7379,3080,8304,24 11.05,2024,,
29.03,四格太空银 29ma1127 肩带 梦梦,9000,3200,7213,24 26.04,2024,,
30.03,蒙田中号雾霾蓝荔枝皮 闲鱼大卖验货宝,7779,2780,6214,24 14.05,2024,等验货宝编码,
01.04.,马鞍中号白荔枝皮 05ru0119 闲鱼jimei验货宝,8079,2618,5114,24 16.06,2024,,
01.04.,caro中号亮银 卡尘袋28ma0241 铭悦,7600,2700,6376,24 05.08,2024,,
01.04.,caro小号灰 62ma0231 晓飞 0271,11530,3015,4087,24 20.12,2024,,
01.04.,caro大号黑 28ma1210 outsider,11750,3360,5825,25 03.04,2025,,
01.04.,四格深蓝银羊 卡票 29ma0177 梦梦,12000,4090,9376,24 27.05,2024,,
01.04.,caro小号灰 62ma0221 卡 沙墨,11030,2990,4678,25 04.03,2025,,
02.04.,caro小号灰 28ma0261 卡 闲鱼因为 验货宝,11739,3200,5038,24 17.07,2024,,
03.04.,蒙田东西黑金荔枝皮 尘袋09bo1109 闲鱼tbn 验货宝,11489,3400,5940,24 21.05,2024,,
06.04.,四格金金宽肩带 29ma0167 金乌,8000,2990,7218,24 27.06,2024,,
06.04.,d-lite 动物园 粉 肩带 50ma0271 闲鱼long验货宝,10079,2970,5357,24 11.09,2024,,
06.04.,五格枪银金宽肩带09bo0137 闲鱼一嘉验货宝,7079,2780,7029,24 28.05,2024,,
07.04.,蒙田东西深蓝荔枝皮 闲鱼德隆验货宝,9579,2990,5600,24 16.05,2024,,
07.04.,四格黑金羊 29ma0197 闲鱼煜棋验货宝,13134,4200,8571,6.06,2024,,
07.04.,三格红铆钉情人节款 04ma0177 苏苏,6500,2700,7153,24 21.05,2024,,
07.04.,七格深粉 无肩带 有卡票0155 奢聚,4100,1600,4095,24 22.08,2024,,
07.04.,七格黑金宽肩带 01bo0178 鸭比,8500,3500,9429,24 17.05,2024,,
07.04.,五格灰金羊 肩带 12bo1105 luxuries,7500,2900,7182,24 15.05,2024,,
07.04.,五格黑金羊铆钉 肩带16bo0127 cookie,7800,2800,6363,24 24.05,2024,,
08.04.,五格黑金羊 肩带18ma1104 梦梦,9200,2990,6033,24 05.06,2024,,
08.04.,五格黑银羊 肩带 卡 W 18ma0176？,9100,2900,5944,24 19.06,2024,要编码,
08.04.,七格藕粉金宽肩带 09bo0137琪琪,7800,3100,8011,24 02.07,2024,,
09.04.,七格土黄金羊11ma0152 肩带 羊猫猫,5500,2200,5561,24 08.07,2024,,
09.04.,五格淡紫银羊 05ma1102肩带 霞光,7400,2650,5985,24 16.05,2024,,
09.04.,七格深粉金羊18ma0173 肩带 霞光,5000,1900,4464,24 04.08,2024,,
09.04.,五格枪银金宽肩带01bo0177 卡 小白,7600,2700,6325,24 29.06,2024,,
10.04,三格亮面金金 皮肩带 15bo1115 何小二,6030,2815,8206,24 22.05,2024,,
10.04,五格白金牛 无肩带 01bo0127 一诺,4800,2430,7464,24 13.06,2024,,
11.04,五格浅粉 18ma0194 收呗,7000,2660,6415,24 16.06,2024,,
12.04,马鞍小号 白荔枝皮 有肩带05ru0179 闲鱼大斌验货宝,10078,2850,4744,24 13.07,2024,,
14.04,蒙田30黑金19ma0231 有卡 闲鱼岁月验货宝,7267,2910,7827,24 06.07,2024,,
14.04,五格黑银羊 肩带 18ma0145 南京奢,8400,3100,7383,24 13.05,2024,,
15.04,三格珠光粉 链条 卡票 15bo0176 邹泰文,9000,3800,10876,24 29.05,2024,,
15.04,三格珠光粉 链条有卡 bo0137 邹泰文,11000,3750,8571,24 25.06,2024,,
15.04,四格太空银 有卡 0118 邹泰文,9000,3374,8571,24 21.05,2024,,
17.04,七格黑银羊 肩带 18ma0137 有卡闲鱼luna验货宝,7000,2500,5854,24 29.06,2024,卖的可能是这个,
17.04,马鞍中号老花05ru0198 闲鱼仪表 验货宝hubby,9079,3715,8017,24 25.05,2024,卖了肩带,
17.04,马鞍中号老花 有肩带 36ma0270闲鱼tb 验货宝hubby,11109,2990,6569,24 28.09,2024,肩带算2000,
18.04,五格深粉金羊 肩带18ma0163 苏州万奢,5500,2200,5443,24 27.06,2024,,
18.04,三格珠光灰链条肩带 15bo1118 菲雪,10500,3700,8480,24 22.05,2024,,
18.04,蒙田30黑金荔枝皮 卡票尘袋 09bo0159 闲鱼迪佳验货宝hubby,9779,3100,6286,24 28.05,2024,,
18.04,蒙田东西黑金荔枝皮 卡纸袋 01bo????闲鱼女神验货宝hubby,9879,3400,7784,24 20.06,2024,,
19.04,caro大号黑金 卡票尘袋19ma0221 闲鱼上海验货宝hubby,13109,3600,6354,25 12.05,2025,,
19.04,三格红金蜥蜴皮 02ma1117 链条闲鱼狂甩验货宝hubby,10609,3800,8900,24 14.06,2024,,
19.04,五格黑金羊 卡尘袋 18ma1122闲鱼优选验货宝hubby,9079,2970,6309,24 12.06,2024,,
19.04,bobby新月黑 卡 09ma1201 闲鱼北仑验货宝hubby,9579,2880,5345,24 05.06,2024,,
19.04,四格太空银 18ma0137 奢池 hubby,8500,3270,8155,24 03.06,2024,,
19.04,三格铁锈色金压纹牛皮 1117肩带 ai济南 hubby,10500,3418,7025,24 07.06,2024,,
19.04,三格浅粉金 可调节肩带 0145 W hubby,9200,3350,7719,24 28.08,2024,7.12老爹带回，已回来,温州 24.08.23✔️36个/8月13日出货
20.04,五格黑银羊 18ma0145 肩带 eggshell hubby,8500,2800,5792,24 10.07,2024,,
20.04,bobby黑金 卡尘袋 09ma?0260闲鱼奔跑验货宝hubby,8579,2600,4829,24 16.06,2024,,
20.04,diorama 中号 天蓝牛 0145闲鱼竹八蛋验货宝hubby,2300,1100,3523,24 27.05,2024,,
22.04,三格亮面黑银 17bo0125闲鱼wang验货宝hubby,7079,3004,8221,24 12.06,2024,vc,
22.04,diorama 中号 绿蜥蜴皮 维婷hubby,1800,1500,5532,24 22.08,2024,YEN,
22.04,中号马鞍白荔枝皮 09ma0260 卡 小牛hubby,7900,2887,7026,24 14.06,2024,,
22.04,七格黑金油蜡皮 01bo1128 闲鱼琴验货宝hubby,8079,3100,7694,24 15.06,2024,,
22.04,四格太空银 尘袋 29ma1106闲鱼毓典验货宝hubby,7579,3100,8362,24 27.07,2024,,
23.04,马鞍中号白金荔枝皮05ru0179 闲鱼kill验货宝hubby,8679,2887,5955,24 14.06,2024,,
24.04,五格深粉金羊 肩带01bo0154 卡尘袋 闲鱼只做验货宝hubby,6879,2200,4421,24 24.06,2024,,
24.04,d-lite灰动物园 50ma0221闲鱼不走验货宝hubby,11609,3200,4727,24 18.06,2024,,
25.04,四格太空银 18ma0198梦梦,8500,3100,7303,24 27.06,2024,,
26.04,五格黑银羊18ma1104 闲鱼翻身验货宝hubby,8579,2750,5447,24 10.07,2024,,
26.04,四格深蓝银羊？ 29ma1117闲鱼爱帕验货宝hubby,12129,3737,7170,24 19.06,2024,,
27.04,三格金属枪银金牛 链条肩带 18ma0158有卡尘袋盒 小哥,8000,3200,8645,24 26.06,2024,,
28.04,caro大号黑 28ma0221 卡尘袋 小竹子,12599,3630,6407,24 30.07,2024,,
28.04,bobby新月老花 卡尘袋28ma0212 闲鱼一个验货宝hubby,11109,2983,4545,24 05.12,2024,,
28.04,四格樱花粉 卡01ru0168 闲鱼杨肉验货宝hubby,12409,3850,7639,24 27.06,2024,,
28.04,三格亮面深粉 15bo0136闲鱼beck验货宝hubby,4879,2500,7778,25 26.02,2025,,
29.04,七格黑银羊 卡票尘袋 13bo1123闲鱼炸克验货宝hubby,8379,2200,6208,24 03.07,2024,肩带给783单元格5079,
29.04,五格樱花粉金羊 卡尘袋 01bo0193 闲鱼重庆验货宝hubby,7979,2680,5776,24 15.06,2024,,
29.04,bobby新月黑 卡票尘袋 09ma02？1闲鱼大美验货宝hubby,9100,2950,6191,24 25.06,2024,,
30.04,四格太空银 18ma1119 梦梦,8200,3018,7093,24 01.07,2024,,
02.05.,caro中号黑 29ma0231卡尘袋闲鱼panda验货宝hubby,11109,3990,9916,24 20.07,2024,,
03.05.,四格深蓝金羊 29ma0177闲鱼哈莫验货宝hubby,12309,3786,6995,24 19.06,2024,少三徽章,
04.05.,三格深粉金羊 04ma0133 闲鱼豆里验货宝,7779,2970,7318,24 28.06,2024,,
04.05.,马鞍中号 雾霾蓝荔枝皮 卡票1200 闲鱼狮子验货宝,8879,2990,6644,24 15.06,2024,,
04.05.,马鞍小号粉荔枝新款肩带款 票尘袋盒子19ma0262 闲鱼包包验货宝,11417,3340,5703,24 08.06,2024,,
04.05.,七格黑金羊 01bo0125 jo奢,7400,2100,3068,25 07.02,2025,,
04.05.,七格灰蓝拼色银羊 16bo0124 jo奢,6600,2318,5291,24 17.06,2024,,
04.05.,五格樱花粉金羊 有卡肩带尘袋0152 用臻hubby,7500,2680,6340,24 20.06,2024,,
05.05.,四格深蓝金羊 29ma0117 阿杜,11600,3818,8013,24 18.06,2024,,
05.05.,五格黑金羊 ID0149 吉嘉hubby,8000,2900,6737,24 29.06,2024,,
11.05,五格黑银羊18ma0193？0163？ 梦梦,8500,2800,5676,24 14.06,2024,,
12.05,七格黑银羊 无肩带18ma0192卡拿的768的 闲鱼孔雀验货宝hubby,5079,2500,4559,24 08.07,2024,肩带从768单元格拿来8379,
12.05,五格樱花粉金羊 16bo1105尘袋卡 蓉蓉hubby,7500,2618,6163,24 10.08,2024,,
12.05,五格拼色红粉银羊16bo0153 尘袋 蓉蓉hubby,6000,2250,5380,24 04.08,2024,,
14.05,五格黑银羊16bo0123 梦梦,8200,2875,6508,24 30.07,2024,,
14.05,五格黑金荔枝皮 宽肩带 01bo0158 闲鱼南城验货宝hubby,8179,3300,8743,24 25.06,2024,,
14.05,七格黑金羊 05ma0153 闲鱼汉堡验货宝hubby,7579,2500,5174,24 27.10,2024,,
15.05,四格黑银羊 18ma0186 范蠡hubby,11500,3920,8741,24 03.07,2024,,
15.05,七格灰荔枝 无肩带 16bo0125 尘袋一诺hubby,4800,2700,9267,24 28.10,2024,,
16.05,五格黑金羊 18ma0145 闲鱼女汉子验货宝,8679,2818,5608,24 02.07,2024,,
16.05,bobby黑金 尘袋 09ma0250？闲鱼魔星验货宝hubby,8679,2700,5360,24 27.09,2024,,
16.05,五格黑银羊18ma0114 邹泰文,6500,2800,7955,24 27.06,2024,,
17.05,五格灰银羊12bo1125 肩带 收呗,7500,2800,6701,24 27.06,2024,,
17.05,四格枣红29ma0198有卡 闲鱼用臻验货宝hubby,12609,3830,7348,24 17.06,2024,,
17.05,三格铆钉焦糖金羊04ma0118 闲鱼t1验货宝hubby,7079,2800,7272,24 18.07,2024,,
17.05,七格黑金羊 15bo0174 奢厘子hubby,6500,2527,6565,24 21.09,2024,,
17.05,dlite 黑金 50ma0210一真 hubby,9800,3380,7655,24 12.07,2024,,
17.05,四格黑银羊 29ma1106 可乐hubby,14000,4080,7054,24 13.06,2024,,
19.05,五格亮面黑 18bo0122 闲鱼柠檬验货宝,6279,2350,5663,24 08.08,2024,,
19.05,五格黑银羊18ma1103 梦梦 肩带拿给1855单元格的了,8300,2150,5481,24 28.06,2024,5500 1855单元格,
20.05,五格葡萄紫银羊 16bo1104 梦龙,6700,2300,4842,24 20.06,2024,,
20.05,五格baby蓝银羊 有卡 01bo0124 闲鱼本市验货宝,7179,2718,7186,24 19.06,2024,,
20.05,老花蒙田30 有卡 09bo0129 闲鱼开心验货宝,11609,3218,5198,24 30.07,2024,,
20.05,马鞍小号荔枝皮 有黄边老花肩带卡票尘袋19ma0119 闲鱼kek验货宝,9600,2710,4509,25 20.11,2025,,
20.05,五格黑金羊 无肩带18ma0173 集美,6200,2300,5277,24 27.06,2024,,
20.05,五格黑金羊 无肩带 15bo0182闲鱼沐彦验货宝hubby,5079,2300,6473,24 25.06,2024,,
21.05,五格黑金羊 02ma0182卡尘袋 闲鱼大西洋验货宝hubby,9079,2990,6748,24 14.09,2024,,
21.05,四格深灰近黑金羊 29ma0138 巴黎贝贝hubby,11500,3990,9139,24 04.07,2024,少两个徽章,
22.05,五格孔雀石蓝银羊 18ma0124 梦梦,7000,2500,5686,24 18.07,2024,,
22.05,五格樱花粉金羊15bo0195 闲鱼是曼验货宝hubby,8500,2618,4863,24 10.08,2024,,
22.05,七格黑银羊 卡17bo0112 闲鱼多啦验货宝hubby,6300,2618,7301,24 20.07,2024,,
22.05,caro灰小号 62ma1210 奢度hubby,9579,2900,5325,24 20.11,2024,,
23.05,dlite 深蓝 有卡尘袋盒子50ma1200 闲鱼只做验货宝,10609,3280,6460,24 26.06,2024,,
23.05,马鞍中号白荔枝皮 01ru0119 卡闲鱼爱吃验货宝hubby,8879,2780,5613,24 12.07,2024,,
24.05,四格深蓝银羊 尘袋 18ma0157 闲鱼大洋验货宝hubby,11609,3700,7393,24 02.07,2024,,
24.05,五格铆钉深蓝金羊 票 05bo0178 闲鱼奢侈验货宝hubby,7479,2700,6288,24 18.07,2024,,
24.05,三格酒红金羊链条 W 04ma1119 阿俊 hubby,10000,3200,6441,24 08.07,2024,,
25.05,马鞍中号黑荔枝 01bo1128 闲鱼呆呆验货宝hubby,9279,3008,5992,24 27.06,2024,,
27.05,五格黑金羊18ma0153 梦梦,8800,2900,6255,24 03.07,2024,编码和6月1日的一样,
27.05,五格黑金羊18ma0173卡 闲鱼巴斯验货宝hubby,9000,2940,6350,24 21.07,2024,,
27.05,四格樱花粉金羊18ma1126 W唐 hubby,12100,3800,7825,24 26.08,2024,,
28.05,马鞍中号老花 有肩带 28ma1129闲鱼用臻验货宝,11109,3100,7138,24 30.11,2024,肩带算2000,
28.05,五格全黑羊斜格子有卡 15bo1111 邹泰文,8500,3200,8207,24 03.07,2024,,
28.05,四格红金羊09ma0168 卡 邹泰文,9200,3090,6857,24 26.07,2024,,
29.05,四格翠绿金羊09ma0118 尘袋 闲鱼小王子验货宝hubby,12609,3800,7112,24 18.07,2024,,
31.05,三格灰金羊 链条肩带04ma0199 卡票 迷,13000,3818,6965,24 11.07,2024,,
01.06.,五格黑金羊 18ma0153 梦梦,9100,2800,5185,24 02.08,2024,,
02.06.,五格黑银羊 无肩带05ma0153 一心 肩带从1826单元拿的肩带,5500,2990,6981,24 11.07,2024,8300 1826单元格收货价,
07.06.,三格粉金羊 17bo0196 有卡 链条 迷,11000,3818,9012,24 13.07,2024,,
08.06.,五格宽肩带 黑金荔枝05bo0137 闲鱼奢侈验货宝,8079,3408,9589,24 29.08,2024,,
08.06.,三格 黑银羊 卡尘袋 01bo0134 闲鱼kawa验货宝,11108,3800,8893,24 17.07,2024,,
08.06.,三格深粉金羊 01bo0174 闲鱼紫亦验货宝,8379,2990,7098,24 20.08,2024,,
08.06.,五格黑银羊 卡票尘袋 18ma1122 闲鱼什么验货宝,8079,2800,6671,24 21.08,2024,,
08.06.,bobby老花 05bo1210 闲鱼晚安验货宝,10609,3200,5992,24 19.08,2024,,
08.06.,五格宽肩带 黑金荔枝01bo1127 闲鱼jiajia验货宝,7579,3418,10017,24 11.07,2024,,
11.06,五格铆钉 黑金羊 01bo1117 一心,7400,2800,6879,24 27.07,2024,,
13.06,三格桃粉银羊 1114 有闲,8300,2990,7105,24 15.08,2024,,
14.06,五格铆钉黑金羊 17bo0117闲鱼东湖验货宝,7079,2700,6809,24 22.08,2024,YEN,
14.06,五格黑金羊 18ma1106 梦梦,8800,2990,6577,24 13.07,2024,,
14.06,蒙田东西黑金荔枝 09bo1109 有卡闲鱼爱买验货宝hubby,7404,3180,9158,24 11.11,2024,,
17.06,五格宽肩带银银荔枝 09bo0137闲鱼阿涛验货宝,6679,2800,7775,24 21.08,2024,YEN,
17.06,三格黑金羊 18ma0126 W 只做,12500,3800,7148,24 11.07,2024,,
17.06,三格珠光粉 链条 01bo0137闲鱼嘉嘉验货宝hubby,11109,3800,8549,24 22.07,2024,,
18.06,五格黑金羊 有卡18ma0154 闲鱼秋天验货宝,8279,2990,7252,24 03.08,2024,,
18.06,四格深灰金羊 29ma0158 闲鱼只做验货宝hubby,12109,3970,8596,24 15.08,2024,,
18.06,五格浅蓝银羊15bo0124 闲鱼只做验货宝hubby,7579,2800,6690,24 26.07,2024,,
19.06,三格亮面金金 15bo1117链条肩带尘袋卡 闲鱼金陵验货宝,7279,2805,7160,24 03.11,2024,,
19.06,四格浅绿金羊 29ma0177妮妮,10000,3600,8794,24 21.08,2024,肩带要修,YEN
19.06,四格浅粉金羊 18ma0117 妮妮,9500,3755,9818,25 11.01,2025,,
20.06,五格樱花粉 16bo1104 尘袋 闲鱼柒柒验货宝,7579,2600,5570,24 13.11,2024,,
20.06,四格竹子绿金羊 09ma0118闲鱼奢而验货宝hubby,11909,3700,7270,24 15.07,2024,,
20.06,三格黑银羊 04ma0123 闲鱼买买验货宝hubby,11109,3700,8000,24 12.07,2024,,
20.06,三格深粉金羊 04ma0134闲鱼日光验货宝hubby,8679,2970,6550,24 15.07,2024,,
21.06,五格樱花粉金羊 18ma0167 梦梦,7000,2700,6832,24 19.08,2024,,
24.06,四格黑金羊 29ma0127 卡票 梦梦,14100,4095,7401,24 04.08,2024,,
24.06,五格黑金羊 18ma0154 闲鱼小猫验货宝hubby,8079,2970,7302,24 21.08,2024,,
25.06,四格深蓝银羊 29ma0177 闲鱼买卖验货宝,10909,3750,8568,24 01.08,2024,,
25.06,五格铆钉黑金羊zip 16bo0117闲鱼梦游验货宝,5967,2580,7122,24 05.10,2024,,
25.06,五格黑金羊 16bo0133 梦梦,8900,2970,6336,24 24.07,2024,,
25.06,三格银银蜥蜴皮 04ma1107闲鱼买卖验货宝hubby,7579,3990,13566,25 13.04,2025,,
25.06,马鞍中号白荔枝 09ma0198闲鱼本校区验货宝hubby,7779,2800,6537,24 24.07,2024,,
25.06,四格灰金羊 29ma1117 闲鱼宝藏验货宝hubby,13309,3800,6579,24 22.08,2024,YEN,
25.06,djoy 26cm 黑棱格 卡票尘袋 闲鱼爱吃 v 大壳,17500,4692,7266,24 04.08,2024,票是2022.02.22,
26.06,蒙田30全黑荔枝 19ma0220闲鱼方木验货宝,9079,3090,6722,24 28.10,2024,,
26.06,四格金金羊 abc 18ma0179 闲鱼孤岛直拍,8000,3200,8600,24 21.08,2024,YEN,
26.06,五格黑金羊 18ma0174闲鱼sia验货宝hubby,7579,2900,7407,24 20.08,2024,,
26.06,四格浅粉金羊 18ma1117卡尘袋 闲鱼喜帖验货宝hubby,12609,3800,7384,24 12.10,2024,,
26.06,三格黑银羊 18ma0175卡尘袋 闲鱼顺顺验货宝hubby,13609,3800,6102,24 26.07,2024,,
26.06,蒙田灰荔枝 09bo0210卡票 闲鱼空的验货宝hubby,8179,2800,6413,24 16.10,2024,,
27.06,五格黑银羊 调节肩带 18ma0147 梦梦,8800,2900,6235,24 21.09,2024,,
27.06,马鞍中号全黑光面牛09ma0119卡尘袋 闲鱼郑大验货宝hubby,7591,2900,7723,24 15.08,2024,,
27.06,三格浅蓝银羊 01bo0114闲鱼芝芝验货宝hubby,8379,3190,8023,24 08.08,2024,,
27.06,三格黑金羊 18ma1114 捌度hubby,11500,3800,8180,24 27.07,2024,,
28.06,djoy 26cm 黑棱格 18ma0222卡票尘袋盒子闲鱼你已验货宝hubby,16639,4700,8246,24 10.08,2024,,
28.06,bobby大号新款肩带 有卡 闲鱼卡姿兰验货宝hubby,10629,3318,6729,24 23.07,2024,,
28.06,四格深灰金羊 01ru0158 有卡 四丁目hubby,13609,3930,7051,24 01.08,2024,,
29.06,七格黑金羊 18ma1123闲鱼阿西验货宝hubby,6679,2500,6029,24 26.12,2024,,
30.06,马鞍中号老花 有肩带 01ru1118闲鱼包开心验货宝,10079,2990,7480,24 31.08,2024,肩带2000,
30.06,四格红金羊 29ma1116 尘袋 闲鱼lucy验货宝,8579,2990,7479,24 26.09,2024,,
30.06,四格枣红 29ma0147 闲鱼卖二奢验货宝,11609,3500,6650,24 22.09,2024,,
30.06,三格铆钉红金羊 04ma0177闲鱼长安验货宝,6079,2700,7666,24 04.08,2024,,
30.06,蒙田30老花 19bo1210 闲鱼佛曰验货宝,11109,3080,4753,25 16.01,2025,,
30.06,七格黑金油蜡 01bo1108闲鱼找我验货宝,8079,2980,7210,24 10.08,2024,,
30.06,五格铆钉黑金羊 16bo0117 胖毛,5500,2705,8300,24 25.10,2024,,
30.06,三格银银蜥蜴 花朵04ma1125卡尘袋盒子闲鱼吃两验货宝hubby,9579,4500,14178,24 10.12,2024,,
30.06,五格黑银羊 尘袋18ma0193 闲鱼巴巴验货宝hubby,8079,2800,6367,24 05.09,2024,,
01.07.,四格金金牛 abc 29ma1128 卡尘袋闲鱼tbni验货宝hubby,8079,3400,9605,24 20.08,2024,YEN,
01.07.,djoy 黑棱格 有卡 ma0242 夏永鑫 hubby,15200,4682,9627,24 08.09,2024,,
01.07.,四格红金羊 卡尘袋 18ma0197 闲鱼二奢验货宝,8279,2900,6833,24 17.10,2024,,
01.07.,五格黑银羊 18ma0125 一心,8200,2780,6164,24 26.08,2024,,
02.07.,马鞍中号老花印字 50ma0231 闲鱼宁波验货宝,10609,3100,5227,24 02.08,2024,,
03.07.,五格铆钉奶茶金羊 尘袋16bo0127 闲鱼momo验货宝,5579,2500,7137,24 19.08,2024,,
03.07.,五格浅蓝银羊 01bo0124梦梦,7000,2600,6592,24 22.08,2024,,
04.07.,四格深蓝银羊 18ma0186闲鱼好货验货宝hubby,9579,3600,9018,25 03.03,2025,,
04.07.,蒙田奶茶荔枝东西 01bo1109卡尘袋 闲鱼小娜验货宝hubby,6579,2800,8113,24 27.08,2024,,
04.07.,五格浅蓝银羊 16bo0143卡 梦梦,6700,2280,5106,24 19.08,2024,,
04.07.,五格浅粉银羊 18ma0154 梦梦,6600,2640,6881,24 19.08,2024,,
07.07.,三格珠光粉金羊 链条 05bo0168梦梦,11500,3800,8364,24 22.08,2024,YEN,
08.07.,四格太空银 9ma0117 卡 闲鱼爱吃验货宝,9679,2970,5753,25 21.02,2025,,
08.07.,蒙田全黑荔枝 卡票尘袋 19ma0159 闲鱼杜美美验货宝,8679,3000,6878,24 24.11,2024,,
08.07.,蒙田光面黑牛 卡票 19ma1210闲鱼琬莹验货宝,6179,2690,7732,24 04.08,2024,,
08.07.,五格黑金油蜡皮 彩色宽肩带 01bo0118闲鱼半岛验货宝,8579,3200,7847,24 05.08,2024,,
08.07.,五格黑银羊 18ma0126 闲鱼奢厘子,8000,2900,6696,25 09.01,2025,,
08.07.,五格孔雀蓝银羊 15bo0133 w,6300,2400,6385,25 28.04,2025,,
08.07.,五格浅蓝银羊 18ma1123 w,7000,2470,5664,24 17.09,2024,,
09.07.,蒙田全黑荔枝 19ma1129 闲鱼是小苏验货宝,8879,3090,6952,25 23.01,2025,,
09.07.,四格深红金羊 卡 50ma1118 闲鱼baby验货宝,8979,3100,7154,24 12.11,2024,,
09.07.,马鞍中号老花印字 50ma1109 闲鱼cici验货宝,9379,3165,6881,24 28.12,2024,,
09.07.,马鞍中号深蓝荔枝 19ma0179闲鱼半夏验货宝,8579,2900,6280,24 08.08,2024,,
09.07.,四格太空银 卡50ma1108 闲鱼又美验货宝,7079,3000,8664,24 22.08,2024,YEN,
09.07.,五格金金牛 宽肩带 bo0137莫娜,6500,2700,7345,24 12.09,2024,,
10.07,bobby中号黑荔枝 卡票尘袋盒子bo0221 小雨,9600,3118,6747,24 14.08,2024,,
11.07,马鞍中号黑金荔枝 09ma0230 闲鱼佳哥验货宝hubby,8979,3085,6873,24 02.08,2024,,
11.07,五格浅粉金羊 15bo0134邹泰文,7000,2650,6633,24 16.09,2024,,
12.07,三格铆钉全黑羊 18ma0168卡 链条闲鱼摩羯座验货宝,7579,3300,9550,24 26.12,2024,,
12.07,三格亮面银链条 01bo0138闲鱼只走验货宝,7879,2800,6461,24 13.08,2024,,
12.07,马鞍中号老花印字 50ma1109票尘袋盒 闲鱼小雨验货宝,9279,3243,7580,24 21.09,2024,,
12.07,四格枣红金羊 18ma0198卡尘袋闲鱼金陵验货宝,11609,3400,6382,24 21.08,2024,YEN,
12.07,四格深红金羊 卡票尘袋 50ma1118闲鱼诗兰验货宝,8279,3200,8563,24 20.08,2024,,
14.07,四格太空银 29ma1106 闲鱼柏树验货宝,7979,2990,7255,25 09.02,2025,,
15.07,三格粉金羊链条 15bo1107尘袋 w,11500,3264,5969,25 15.06,2025,,
16.07,三格亮面金 链条肩带 15bo1117卡尘袋 闲鱼柒月验货宝,7079,2800,7311,24 22.08,2024,YEN,
16.07,四格金金荔枝 宽肩带 29ma0167闲鱼香验货宝,6479,2990,8963,24 14.09,2024,,
17.07,五格灰银羊 bo0115卡 闲鱼san验货宝,7079,2640,6711,24 13.09,2024,,
17.07,马鞍中号全黑磨砂 09ma1129 闲鱼虾米验货宝,8329,2800,5973,25 08.02,2025,,
17.07,四格灰金羊 50ma1108 闲鱼沫沫验货宝,13309,3800,6584,24 29.08,2024,,
17.07,四格太空银 29ma0168尘袋 闲鱼是鹿验货宝,7579,2930,7779,25 04.10,2025,,
17.07,五格黑银羊 18ma0133 闲鱼只做验货宝,7279,2780,7031,24 26.08,2024,,
17.07,三格灰金羊 链条18ma1129卡 邹泰文,12500,3800,7676,24 21.08,2024,YEN,
17.07,四格灰金羊 29ma1117卡 邹泰文,13000,3780,6723,24 05.10,2024,,
17.07,四格白金羊 卡 18ma0119 邹泰文,12000,4080,9671,24 24.08,2024,,
18.07,四格黑银羊29ma1107 闲鱼哈哈验货宝,13109,4100,8179,24 13.11,2024,,
18.07,马鞍中号印花 50ma0189卡尘袋 闲鱼奢侈验货宝,8579,3200,8254,24 12.09,2024,,
18.07,四格浅粉金羊29ma0127卡尘袋 闲鱼鄙人验货宝,12609,3800,7542,24 25.09,2024,,
18.07,四格灰金羊 50ma1118闲鱼涂奢验货宝,12621,3760,6833,24 11.10,2024,,
18.07,三格亮面金 链条肩带 15bo1117 闲鱼奢厘子验货宝,6279,2800,8034,24 01.09,2024,,
19.07,五格黑金羊铆钉 17bo0117卡尘袋闲鱼方胖验货宝,6579,2751,7731,24 20.10,2024,,
19.07,马鞍中号深蓝荔枝 09ma0169卡 闲鱼一颗验货宝,9079,2900,5937,24 04.12,2024,,
20.07,蒙田白荔枝 09bo0159 香奈儿盒子闲鱼新朝验货宝,7579,2680,6311,24 23.08,2024,,
21.07,三格黑银羊 链条 18ma0157尘袋 闲鱼水树验货宝,11609,3720,7802,24 08.09,2024,,
21.07,四格红金羊 09ma0137 闲鱼努力验货宝,8694,3090,7196,24 03.10,2024,,
21.07,七格黑银羊 无肩带05ma0121尘袋 闲鱼泡制验货宝hubby,4579,1900,4828,24 25.08,2024,,
22.07,三格粉金羊 链条 15bo0116闲鱼i***a验货宝,11609,3510,6491,24 13.12,2024,,
22.07,四格金金羊宽肩带 29ma0167尘袋闲鱼小吃验货宝,6579,2970,8655,24 14.10,2024,,
22.07,四格白金羊 abc 02ma1119卡闲鱼妮妮验货宝,11444,3900,9305,24 17.09,2024,,
22.07,三格粉金羊 链条 15bo1116有卡 妮妮hubby,11500,3500,7127,25 10.04,2025,,
22.07,五格粉金羊 02ma0162 妮妮hubby,6800,2560,6226,24 29.11,2024,,
23.07,三格灰金羊链条 18ma1200 妮妮hubby,12500,3700,6924,24 12.09,2024,,
23.07,四格黑银羊 29ma0197闲鱼卖包包验货宝,13609,4150,8053,24 12.09,2024,,
23.07,四格黑金羊 abc 29ma0189 闲鱼只做验货宝,14209,4300,8307,24 03.09,2024,,
23.07,五格浅金羊01bo0193卡尘袋 闲鱼比格验货宝,6679,2650,7127,24 13.10,2024,,
23.07,五格黑金羊18ma0158调节肩带 闲鱼林子验货宝,8379,2990,7081,24 15.09,2024,,
23.07,蒙田东西黑金荔枝09bo1109 闲鱼小竹子验货宝,7579,3100,8305,24 24.12,2024,,
23.07,五格翻盖银银牛 宽肩带 09bo0137 闲鱼大庆验货宝,6579,2740,7586,25 12.12,2025,,
24.07,bobby黑金荔枝 票尘袋盒子闲鱼包买验货宝,9079,2900,6084,25 06.03,2025,,
24.07,五格粉金牛 宽肩带 01bo0137票尘袋 闲鱼包买验货宝,5579,2930,9566,24 18.09,2024,,
24.07,马鞍中号黑荔枝 19ma1108尘袋 闲鱼卖姐姐验货宝,7579,3090,8433,24 27.08,2024,,
24.07,五格黑金羊 09ma0197 调节肩带 w,8000,2990,7448,24 27.08,2024,,
24.07,五格紫银羊 16bo0124 妮妮hubby,6500,2347,5276,24 05.10,2024,,
24.07,马鞍中号酒红荔枝 19ma1108 遵义hubby,7579,2700,6117,24 26.10,2024,,
25.07,三格粉金羊 链条 18ma0136有卡 妮妮hubby,11500,3525,6977,25 12.03,2025,,
27.07,三格粉金羊 链条 18ma0136 妮妮hubby,11500,3530,7000,25 21.03,2025,,
27.07,三格枪金羊 链条 18ma0158卡 妮妮hubby,8500,3200,8201,24 31.08,2024,,
27.07,四格黑银羊 29ma0147妮妮hubby,13500,4125,7819,24 29.10,2024,29ma0197,
27.07,马鞍中号深绿荔枝01bo0149 闲鱼tik验货宝,8609,2900,6900,25 02.07,2025,,
27.07,caro中号黑 62ma0241全套 闲鱼爱包验货宝,10909,3550,7604,24 05.10,2024,,
28.07,四格浅绿金羊 29ma0177闲鱼今天验货宝,9079,3700,10059,25 17.02,2025,,
28.07,四格深灰金羊 09ma0148 梦梦,12200,3825,7521,24 31.10,2024,,
28.07,三格深蓝金羊 链条 15bo0118卡 梦梦,10200,3450,7950,24 24.09,2024,,
29.07,四格红金羊 18ma1117闲鱼晚晚验货宝,7179,3300,9826,24 09.12,2024,,
30.07,四格粉金羊 18ma1126闲鱼亚洲验货宝,9379,3900,10772,24 04.12,2024,,
30.07,马鞍中号黑荔枝 肩带款09ma0272 闲鱼露思验货宝,9579,3418,8261,24 04.09,2024,,
30.07,三格深蓝金羊 链条 18ma0167闲鱼奢侈验货宝,10309,3500,7729,24 08.10,2024,,
30.07,四格太空银 18ma0137 闲鱼邦验货宝,7079,2990,8093,24 19.12,2024,,
30.07,caro大号黑 28ma0290闲鱼please验货宝,9691,3350,7351,25 18.01,2025,,
30.07,四格红金羊29ma0128 迷,8300,2990,7004,25 15.02,2025,,
30.07,三格深粉金羊04ma0113 梦梦,8400,2950,6809,24 26.09,2024,,
31.07,三格深粉金羊 01bo0154 闲鱼小竹子验货宝,8078,2850,6438,24 01.12,2024,,
31.07,caro小号杏 62ma0221闲鱼给曾经验货宝,8279,2925,6563,24 14.11,2024,,
01.08.,蒙田黑金牛 尘袋 闲鱼yy验货宝等验货宝编码,7000,2630,6500,24 28.08,2024,,
03.08.,四格深蓝银羊 29ma0196卡 小敏,11500,3700,7915,25 23.02,2025,,
03.08.,五格黑金羊 调节肩带 32ma0126闲鱼闪闪验货宝,8579,2900,6295,24 17.10,2024,肩带换给一个15年的,
03.08.,三格深粉金羊 01bo0154 闲鱼钱萌验货宝hubby,7879,2950,7349,24 16.10,2024,,
04.08.,马鞍中号白荔枝05ru0231 闲鱼图一验货宝,8579,2830,6113,24 03.09,2024,,
04.08.,五格全黑羊铆钉 01bo0178闲鱼顿顿验货宝,7779,2830,6584,24 02.11,2024,,
05.08.,三格黑银羊 链条 18ma1125 闲鱼tbn验货宝hubby,12309,3780,7457,24 24.09,2024,,
05.08.,马鞍中号黑荔枝 09ma0211 闲鱼in验货宝,8579,3060,7130,24 24.12,2024,,
05.08.,四格枪金牛 abc 18ma1119 闲鱼我想验货宝,8779,3300,8409,24 06.12,2024,,
05.08.,四格红金羊 29ma0137闲鱼转儿验货宝,8779,3000,6440,24 26.12,2024,,
07.08.,三格黑银羊 链条 18ma0159 妮妮,12500,3750,7046,24 04.09,2024,,
07.08.,三格黑银羊 皮肩带 18ma0156 妮妮,12500,3800,7337,24 06.09,2024,,
11.08,马鞍中号老花印字 50ma0270 闲鱼诚信验货宝hubby,9279,2990,6182,24 05.09,2024,,
11.08,四格深蓝银羊 29ma0177 梦梦,11500,3500,6345,25 18.01,2025,,
11.08,五格黑金羊 18ma0173 梦梦,8000,3010,7590,24 12.09,2024,,
13.08,马鞍中号黑金荔枝 09ma1108 卷卷,8000,3080,7721,24 16.11,2024,,
15.08,bobby东西黑 19ma0222闲鱼废物验货宝,8079,2890,6737,24 16.12,2024,,
15.08,三格墨绿银羊链条全套 05bo0198 闲鱼爱笑验货宝hubby,10078,3350,7589,24 24.09,2024,,
17.08,三格孔雀石蓝银羊 04ma0133 梦梦,8400,3180,8200,24 11.10,2024,,
17.08,三格黑金羊 01io0162卡 闲鱼幸运验货宝hubby,11609,4020,9725,24 18.09,2024,,
17.08,四格黑金油蜡 29ma0138闲鱼杰森验货宝,8679,3325,8441,24 09.11,2024,,
18.08,马鞍中号白荔枝 19ma0119闲鱼小兔验货宝,7679,2790,6523,25 18.01,2025,,
20.08,dior vip 中号粉金荔枝 回收本地400新,2189,920,2846,24 24.08,2024,,
"20,08",三格金属金金羊 链条18ma0158 闲鱼向日葵验货宝,8079,3200,8550,24 18.09,2024,,
21.08,三格黑银羊 链条18ma0116尘袋盒闲鱼菜市场验货宝hubby,9579,3800,10122,24 20.11,2024,,
21.08,bobby灰牛 05bo0270卡 闲鱼柠檬验货宝hubby,7479,2630,6402,25 12.04,2025,,
21.08,三格红金羊铆钉 04ma0177卡 闲鱼十七验货宝,5579,2700,8415,24 11.12,2024,,
21.08,五格竹子绿银羊15bo0173卡票 闲鱼tb验货宝,6079,2400,6271,24 08.10,2024,,
21.08,四格太空金银牛18ma0186 闲鱼阿洛斯验货宝,5079,2990,10075,24 19.12,2024,,
23.08,四格全黑羊 18ma0260闲鱼言简验货宝hubby,15609,4588,8360,24 05.12,2024,,
23.08,五格粉金羊 调节肩带16bo0176卡尘袋闲鱼麦奢验货宝,7079,2580,6174,24 29.12,2024,,
23.08,三格深蓝金羊铆钉 18ma0187闲鱼珍妮验货宝,7079,2900,7820,25 16.03,2025,,
24.08,三格金金羊 链条18ma0158闲鱼岳姐验货宝,7879,3180,8631,24 18.09,2024,,
25.08,四格红金羊abc 18ma1128卡 闲鱼意大利验货宝hubby,8579,2995,6769,25 14.01,2025,,
25.08,五格金金牛宽肩带 01bo1127卡 闲鱼取名验货宝hubby,5091,2700,8886,24 08.11,2024,,
26.08,三格深蓝金羊 18ma0167链条闲鱼中古验货宝,11109,3400,6433,24 17.10,2024,,
27.08,五格黑金羊 16bo0194闲鱼骚包验货宝hubby,7779,2990,7589,24 06.12,2024,,
27.08,三格珠光粉金羊 18ma0146 卡链条 闲鱼巨幕验货宝,8579,3400,9733,25 20.07,2025,,
27.08,三格黑金羊 01bo0194 卡 皮肩带 闲鱼奢z验货宝,11609,3850,8763,24 27.09,2024,,
27.08,三格珠光粉金羊17bo0196尘袋 闲鱼凡凡验货宝,11109,3700,8233,24 21.09,2024,,
27.08,五格黑金羊 18ma0165 卡闲鱼芹菜验货宝,8079,2940,7027,25 18.01,2025,,
27.08,三格黑银羊 18ma0176尘袋皮肩带闲鱼jdjj验货宝,11609,3870,8352,24 16.11,2024,,
28.08,五格黑金羊 16bo1103尘袋卡 闲鱼重生验货宝,8579,2990,6944,24 18.12,2024,,
28.08,蒙田30黑光面 19ma0169闲鱼用臻验货宝,7279,2650,6285,24 24.09,2024,,
28.08,三格金金牛宽肩带 02ma0127闲鱼二奢验货宝,7579,3000,7800,24 19.11,2024,,
28.08,三格黑金羊铆钉 18ma0137闲鱼意大利验货宝hubby,8879,3100,7178,24 26.09,2024,,
28.08,五格黑银羊特殊肩带 16bo0146尘袋 闲鱼24k验货宝hubby,8079,3100,7827,24 16.12,2024,,
28.08,四格太空银 18ma1117闲鱼顺其验货宝hubby,8279,3000,7010,25 27.01,2025,可能是这个,
29.08,四格枣红金羊 18ma1127闲鱼是里验货宝hubby,10609,3300,6272,24 07.10,2024,,
29.08,七格黑银羊 18ma0123闲鱼禧奢验货宝hubby,4679,2480,8515,25 01.05,2025,,
29.08,蒙田30东西黑荔枝 01bo0179？闲鱼嗯验货宝hubby,8579,3080,7190,24 28.12,2024,,
29.08,四格奶茶金羊 29ma0177卡 张群,11500,3650,7538,24 11.12,2024,,
29.08,四格粉金羊abc 29ma1128卡 张群,12500,3500,5716,24 12.12,2024,,
29.08,四格枪银abc 18ma0159闲鱼卖包验货宝,10078,3400,7435,24 12.12,2024,,
30.08,四格太空银 29ma1117闲鱼乌托邦验货宝,5279,3000,10097,24 19.11,2024,,
30.08,三格黑银羊皮肩带 18ma0126闲鱼奢品验货宝hubby,11809,3680,7021,24 31.12,2024,,
31.08,四格全黑羊 18ma0260卡 闲鱼zh验货宝,15309,4500,8320,24 27.12,2024,,
31.08,四格灰金羊50ma1128卡 张群,12600,3800,7179,24 06.10,2024,,
01.09.,五格黑金羊 18ma0134 妮妮,7800,2990,7444,24 28.10,2024,,
01.09.,三格黑金羊 18ma0197 皮肩带 闲鱼鱼丸验货宝,11909,3820,7828,24 04.11,2024,,
2.09,三格深红金羊 链条18ma1118 张群,10000,3000,5352,24 12.12,2024,,
2.09,五格黑金羊 18ma0154李林hubby,7400,2990,7874,24 30.11,2024,没要编码，细肩带,
2.09,caro大号黑 19ma0221票闲鱼我在验货宝hubby,9079,3380,8386,24 16.10,2024,,
2.09,三格珠光粉金羊链条 卡 15bo0118 张群,11500,3500,6613,24 29.12,2024,,
2.09,三格珠光粉金羊链条 16bo1117卡 张群,11800,3500,6341,25 22.01,2025,,
03.09.,四格金金牛 宽肩带 29ma0167熙来,6800,2900,8050,25 23.02,2025,,
03.09.,三格黑金羊 皮肩带 01bo0125闲鱼靠谱验货宝,11109,3760,8276,24 05.11,2024,,
06.09.,五格粉银羊 16bo1102 闲鱼大刀验货宝,5879,2100,4548,24 27.12,2024,,
06.09.,五格黑银羊 18ma0146调节肩带闲鱼san验货宝,6579,2840,7777,25 09.01,2025,,
07.09.,djoy中号杏金羊 85ma1222卡尘袋盒子 闲鱼一拍,14000,4825,11421,24 17.12,2024,,
07.09.,四格奶茶金羊 29ma0177尘袋闲鱼一拍,11500,3800,8089,24 27.12,2024,,
08.09.,caro小号奶茶杏金62ma0251 闲鱼石头验货宝,8579,2900,6485,25 05.04,2025,,
09.09.,bobby中号黑荔枝 卡尘袋盒子 09ma0211闲鱼天合验货宝,9479,2930,5775,24 10.10,2024,,
09.09.,五格深蓝金羊 翻盖宽肩带01bo0177 闲鱼甜甜验货宝,8379,3500,9688,24 12.11,2024,,
09.09.,四格深蓝金羊 29ma0167 有卡闲鱼大众验货宝,11629,3780,8032,24 07.10,2024,,
09.09.,五格黑银荔枝 02bo0125 希泰hubby,10700,3800,9072,24 02.10,2024,,
09.09.,djoy中号全黑钻石 10ma0212闲鱼ding验货宝hubby,15409,4580,8278,25 23.01,2025,,
10.09,三格黑金羊 皮肩带15bo0137迪佳,9880,3640,8836,24 28.10,2024,,
10.09,djoy钻石全黑ma0212票 闲鱼卖奢验货宝,15108,4580,8810,24 14.10,2024,,
11.09,四格黑金羊 01ru0118闲鱼san验货宝,13409,4380,9350,24 28.11,2024,,
12.09,四格灰金羊铆钉 28ma0157闲鱼幽灵验货宝,6679,2770,7324,24 23.12,2024,,
12.09,三格白金羊 链条18ma0168 尘袋 闲鱼楠哥验货宝,9079,3160,7059,25 25.01,2025,,
13.09,四格灰金羊 50ma1108卡 闲鱼索罗验货宝,11109,3800,8760,24 13.11,2024,,
13.09,五格黑金荔枝 翻盖 01bo0137 闲鱼奢品验货宝,8879,3506,9863,24 20.10,2024,,
13.09,四格黑银羊 09ma0128梦梦,13000,4067,7900,25 06.01,2025,,
13.09,四格红金羊 字母肩带 18ma0199 闲鱼就爱验货宝,8929,2950,6236,24 31.12,2024,,
14.09,五格黑金羊 18ma1104卡 闲鱼奢侈验货宝,8379,2990,6974,25 08.01,2025,,
15.09,三格深粉金羊 18ma1115 闲鱼focus验货宝,8079,2850,6437,24 01.12,2024,,
15.09,三格深蓝银羊 01bo1114 闲鱼focus验货宝,8579,3200,7853,24 12.12,2024,,
16.09,五格深粉金羊 05ma1112卡 汪小翔,5700,2200,5544,24 11.12,2024,,
16.09,三格白银羊 链条 15bo0116卡 奢收多戴妃,9700,3180,6786,24 04.12,2024,,
16.09,五格脏粉金羊 无肩带18ma1114 闲鱼姗姗验货宝,4079,1850,5026,24 04.11,2024,,
18.09,四格浅粉金羊 19ma1117卡尘袋 闲鱼小c验货宝,11309,3825,8764,25 14.02,2025,,
18.09,四格黑金羊 09ma0147 闲鱼大到验货宝,14109,4200,7585,24 23.11,2024,,
18.09,四格白银羊 字母肩带05ru0251 妮妮,12200,3980,8383,25 27.01,2025,,
18.09,四格深蓝银羊 29ma0177闲鱼小鱼验货宝,9079,3700,10085,24 10.11,2024,,
18.09,四格白金羊 字母肩带 01bo1200 闲鱼柏林验货宝,8779,3900,11351,24 24.10,2024,,
19.09,三格黑金羊铆钉 18ma0137 一心,6800,3200,10011,25 02.10,2025,,
19.09,七格黑金油蜡 重工肩带 01bo0118ka 闲鱼北京验货宝,8079,3015,7568,24 11.12,2024,,
20.09,四格黑银羊 29ma0196卡 梦梦,13000,4100,8527,24 08.12,2024,,
20.09,四格黑金羊 09ma0138 妮妮,13800,4200,8800,25 09.08,2025,,
20.09,四格黑金羊 29ma1107 闲鱼盈盈验货宝,13909,4200,7787,24 16.11,2024,,
21.09,三格紫银羊 18ma0134卡票 闲鱼focus验货宝,7779,2890,7141,24 04.12,2024,,
23.09,四格灰金羊 01ru0168 闲鱼可走验货宝,12309,3780,7193,24 07.11,2024,,
24.09,蒙田东西白金荔枝 09bo0250尘袋票盒 闲鱼盛开验货宝,7379,2945,8278,24 27.10,2024,,
28.09,四格金金荔枝宽肩带 29ma0127闲鱼包啰嗦验货宝,6579,3000,8689,24 26.12,2024,,
28.09,三格金金羊 链条18ma0158 阿杰,8500,3205,7926,24 19.11,2024,,
29.09,蒙田30黑金牛 19ma0159卡 闲鱼小虫验货宝,7479,2661,7030,25 05.11,2025,,
29.09,四格黑金羊 01ru0118 闲鱼雪茄验货宝,12909,4280,9214,25 25.01,2025,,
29.09,bobby中号黑金牛 09bo0260 闲鱼唐悠悠验货宝,7079,2650,7000,25 24.05,2025,,
01.10.,五格黑金牛 彩色宽肩带翻盖01bo0118 w,7200,3100,9009,25 07.03,2025,,
03.10.,三格白银羊 链条 18ma1104卡尘袋 dy,9400,3180,6948,25 26.01,2025,,
03.10.,四格黑金羊 29ma0118 邹泰文,13000,4280,9363,25 21.02,2025,,
05.10.,三格金金羊 链条28ma0119 闲鱼奶嘤嘤验货宝,8579,3280,8297,24 09.11,2024,,
05.10.,caro中号棕 29ma0231 闲鱼是卖包验货宝,9379,3430,8915,25 30.04,2025,,
07.10.,五格黑金羊 13bo1103 卡 无肩带 闲鱼土星验货宝,5779,2300,6008,24 12.11,2024,,
09.10.,四格粉金羊 18ma0128卡 梦梦,11500,3800,8172,25 18.01,2025,,
11.10.,三格白银荔枝 17bo0125闲鱼香香验货宝,10078,3700,8928,24 16.11,2024,,
12.10.,马鞍中号白荔枝 09ma0119闲鱼tb验货宝,7579,2830,6778,25 19.01,2025,,
12.10.,三格银银蜥蜴皮 01bo0127卡链条肩带 妮妮,12700,4300,9880,24 30.11,2024,,
13.10.,蒙田30黑金牛 19ma1119 闲鱼学做饭验货宝,7079,2650,6586,25 26.11,2025,,
14.10.,七格黑金油蜡 01bo0118彩宽肩带闲鱼尚亿验货宝,6079,2990,9218,24 12.12,2024,,
14.10.,四格黑银羊 29ma0127卡尘袋 梦梦,12900,4100,8540,24 04.11,2024,,
15.10.,四格奶茶杏金羊 01ru0178 in,11000,3650,7854,24 03.12,2024,,
16.10.,四格灰金羊 29ma0129有卡 abc 尘袋 w,12500,3925,8092,24 09.11,2024,,
17.10.,三格深粉金羊 04ma0193 dy,8000,2838,6289,25 08.01,2025,,
18.10.,四格白金羊 01ru0199字母肩带 闲鱼南瓜验货宝,11008,3990,9587,24 22.11,2024,,
18.10.,五格浅粉金羊 18ma0173尘袋 梦梦,6200,2540,6708,24 02.12,2024,,
19.10.,马鞍中号深绿荔枝 19ma0169尘袋闲鱼遥远验货宝,7079,2680,6638,24 30.12,2024,,
19.10.,五格黑金羊 18ma0135 济宁,7500,3010,7828,24 14.11,2024,,
19.10.,五格唇膏粉银羊 15bo0182 风麦,6100,2180,4815,24 11.12,2024,,
19.10.,caro大号杏 28ma1200尘袋 南通,9100,3350,8000,24 31.12,2024,,
22.10.,三格深蓝银油蜡 链条肩带 18ma1104闲鱼奢侈验货宝,8079,2700,5656,24 06.12,2024,,
23.10.,四格黑银羊 18ma0156尘袋 梦梦,12800,4100,8492,25 12.02,2025,,
25.10.,五格白金荔枝 宽肩带 1118卡尘袋闲鱼马验货宝,8079,3300,9041,24 28.12,2024,,
25.10.,四格黑金羊 18ma0186 lv尘袋 张群,13500,4405,9176,25 03.01,2025,l3,
27.10.,蒙田东西粉金荔枝 01bo1119卡尘袋 闲鱼南极验货宝,8379,2800,6091,25 27.01,2025,,
29.10.,caro中号灰金牛 62ma0241卡尘袋 闲鱼本省验货宝,10078,3475,8079,24 01.12,2024,,
29.10.,四格粉金羊 01ru0178尘袋 梦梦,10900,3800,8805,24 01.12,2024,,
30.10.,五格亮面蓝银 01bo0145 闲鱼买的验货宝hubby,4879,2100,5589,25 07.02,2025,,
31.10.,四格黑银羊 29ma0167 lv尘袋梦梦,12700,4100,8571,25 13.02,2025,,
01.11.,caro中号黑金牛 19ma0251 闲鱼乐清验货宝,10997,3680,7900,24 23.11,2024,,
02.11.,bobby黑金牛 09bo0250卡 闲鱼招财验货宝,7779,2650,6432,25 17.04,2025,,
03.11.,四格暗粉金羊 29ma0168 闲鱼亲亲验货宝,9899,3800,9640,25 24.01,2025,,
04.11.,七格黑金油蜡 宽肩带 01bo0118闲鱼安洁验货宝,6779,3003,9158,25 30.05,2025,,
04.11.,三格绿银蜥蜴皮 04ma1115卡lv尘袋 闲鱼奢侈验货宝,12109,3900,8270,25 25.01,2025,,
05.11.,三格黑金羊 01bo0125闲鱼思语验货宝,11909,3900,8287,24 30.11,2024,,
05.11.,四格黑金羊 w 18ma0186 只做,13300,4180,8897,25 12.04,2025,1月17日肩带老爹拿回02， 已回来,
06.11.,caro中号深橘粉 62ma0292 闲鱼戈壁验货宝,9379,3200,7132,24 28.11,2024,,
06.11.,caro中号白62ma0251 闲鱼谷融验货宝,8079,3015,7332,24 27.12,2024,,
06.11.,五格黑银荔枝 16bo0125闲鱼温和验货宝,10078,3700,9047,24 10.12,2024,,
07.11.,四格深绿金羊 50ma1128闲鱼百变验货宝,11109,3600,7449,24 11.12,2024,,
11.11,caro中号灰金牛 28ma0261尘袋盒子闲鱼当真验货宝,9394,3330,8003,25 12.03,2025,,
12.11,三格黑银羊 04ma1112 有卡 香榭hubby 卡上2015.2.26,11200,3700,8190,25 20.03,2025,,
13.11,五格黑金荔枝翻盖 01bo1127尘袋 闲鱼是秋天验货宝,8179,3472,9646,24 21.12,2024,,
13.11,蒙田全蓝磨砂荔枝 19ma1119 闲鱼杰西验货宝,6679,2900,8618,25 14.04,2025,,
13.11,五格银金荔枝翻盖 09bo0137 闲鱼dd验货宝,6079,2670,7551,25 12.03,2025,,
14.11,三格紫银羊 01bo0124卡票尘袋 闲鱼土星验货宝,8679,3180,8370,25 09.09,2025,,
14.11,三格亮面金金01bo0158 链条闲鱼岳姐验货宝,7079,2850,7343,25 22.01,2025,,
14.11,四格黑金油蜡 29ma0138 奢貌,8600,3300,8249,25 24.01,2025,,
14.11,四格枪金金牛 18ma1119票 梦梦,10500,3540,7482,25 03.01,2025,l4,
15.11,四格深蓝金羊09ma0128 霞光,10800,3800,8883,24 07.12,2024,,
16.11,四格黑金羊 29ma0187尘袋 闲鱼小王验货宝,12309,4200,9600,25 28.03,2025,,
16.11,bobby黑金荔枝 05ru0231卡尘袋盒闲鱼tb验货宝,9579,2900,5339,25 12.01,2025,,
18.11,三格黑金羊 18ma1117 闲鱼rainy验货宝,10209,3900,9831,25 01.01,2025,,
18.11,三格黑金羊 18ma1116 坤鼎,10000,3850,9968,24 09.12,2024,,
18.11,四格灰金羊 29ma1117 梦梦,11800,3800,7689,25 17.01,2025,,
18.11,三格蓝金羊 15bo0158 fly,9800,3520,8376,25 15.02,2025,,
19.11,四格灰金羊 01ru0168 梦梦,11800,3800,7637,25 13.01,2025,,
19.11,蒙田东西灰荔枝 09bo0290 闲鱼大富翁验货宝hubby,7079,2800,7512,25 11.11,2025,,
20.11,四格白金羊 18ma0260尘袋 闲鱼菜市场验货宝,9579,3950,10863,25 16.01,2025,,
20.11,马鞍中号浅粉 01bo0119一拍,8200,2900,6522,24 26.12,2024,,
23.11,五格白金荔枝翻盖 01bo1127卡 闲鱼西西验货宝,6879,3100,9203,25 27.01,2025,,
24.11,三格黑银羊 18ma1125 闲鱼唐唐验货宝2,11109,3680,7855,25 10.02,2025,,
24.11,dlite黑金 50ma0230 闲鱼伤心验货宝,9379,2970,6348,25 25.04,2025,,
25.11,四格黑金羊05ru0189 abc 雾都,13500,4405,9667,25 06.03,2025,,
28.11,三格拼色蜥蜴 04ma0156 闲鱼x**验货宝,7579,3990,12919,25 16.01,2025,,
29.11,五格黑金荔枝翻盖 05bo0137尘袋 闲鱼验货宝,10078,3605,8409,25 18.01,2025,,
01.12.,七格肉粉金荔枝翻盖 09bo0137卡尘袋 闲鱼tb验货宝,5279,2950,9989,25 26.01,2025,,
01.12.,dlite黑 50ma1129卡 闲鱼tx验货宝,9579,2990,6508,25 03.05,2025,,
03.12.,马鞍中号白荔枝09ma0198 lucy,6300,2800,8245,25 13.05,2025,,
03.12.,caro中号灰28ma0251 常州tk,9500,3350,7913,25 22.03,2025,,
03.12.,四格黑金羊09ma0137 臻新,11500,4225,10515,25 28.03,2025,,
05.12.,五格黑金羊 细肩带18ma0174 收呗,8800,2990,6395,24 29.12,2024,,
06.12.,caro小号黑金牛 62ma1220 闲鱼咪皇验货宝,11609,3450,6088,25 18.01,2025,,
07.12.,caro中号杏金牛28ma0291尘袋 闲鱼盲从验货宝,9900,3180,6321,25 23.01,2025,,
08.12.,五格黑金荔枝翻盖 彩色宽肩带 01bo0118 闲鱼喜旺验货宝,7879,3200,8677,25 03.04,2025,,
08.12.,caro中号黑金牛19ma0251 闲鱼心碎验货宝,11109,3600,7341,25 03.01,2025,l5,
09.12.,五格黑银羊斜纹 有卡尘袋 阿杰,7400,2600,6025,25 27.01,2025,,
09.12.,三格黑金羊铆钉 04ma0157阿杰,7000,3000,8300,25 24.01,2025,,
13.12,五格黑金荔枝翻盖 无肩带01bo0137 闲鱼记得验货宝,4879,2900,9939,25 12.02,2025,,
13.12,djoy中号杏金羊 18ma0232两条肩带 闲鱼大毛验货宝,15109,4725,9436,25 17.01,2025,,
14.12,四格深蓝金羊29ma0167卡尘袋 闲鱼爱宝验货宝,10809,3700,8493,25 07.02,2025,,
16.12,三格红金羊链条id0119卡票 闲鱼南方验货宝,9297,3180,7294,25 22.02,2025,,
16.12,四格金金羊abc18ma0272 闲鱼刀者验货宝,9879,3500,8216,25 13.02,2025,,
18.12,三格翠绿银羊 06ma0193尘袋卡 in酌,9200,3174,7361,25 16.02,2025,,
19.12,马鞍小号黑金荔枝18ma1118 闲鱼静静验货宝,7279,2900,6037,25 16.02,2025,肩带配一条 算1500,
20.12,四格黑金羊 09ma0148 梦梦,13400,4210,9234,25 21.05,2025,,
23.12,五格黑金荔枝宽肩带 01bo0137尘袋 鼎好奢,9300,3480,8538,25 15.01,2025,,
26.12,caro中号杏金牛62ma1221 闲鱼包你验货宝,8591,3100,7192,25 24.01,2025,,
27.12,五格黑金荔枝 翻盖 01bo1127尘袋 闲鱼垚垚验货宝,10078,3600,8446,25 24.01,2025,,
28.12,四格深蓝金羊abc 29ma0179 闲鱼周伯,11000,3800,8796,25 24.02,2025,,
28.12,五格杏金羊铆钉 16bo0127尘袋闲鱼阿宿验货宝,4079,2400,8195,25 19.03,2025,,
29.12,五格粉金金牛翻盖 宽肩带01bo0167卡lv尘袋 聚微,6500,2750,7868,25 08.03,2025,,
29.12,四格黑金羊 29ma0127票尘袋盒 w只做,13200,4200,9560,25 16.09,2025,客人18ma0159和换了肩带 4400行，最终选了这个。18ma0159被9月16日卖出更在这里,
