4.09,garden party 36 o刻 可乐,7500,1850,1733,21.10.,2022,,,
5.09,菜篮子电光蓝 26 钥匙和锁 豆妈,9700,2545,3020,18.10.,2022,,,
5.09,吉普赛36 电光蓝 豆妈,13800,3410,3488,29.11,2022,,,
5.09,帆布包3个,2225,565,568,6.09,2022,,,
13.10.,菜篮子红色有锁T刻 常州,11000,,-1000,15.01,2022,,,
1.11,graden party 36 布 橙红色 luxuriesn,1888,460,270,5.12,2022,,,
19.10.,菜篮子18西瓜红银 框o 钥匙锁 恒心,9030,2900,5938,23 05.12,2023,,,
15.11,菜篮子22 电光蓝 锁钥匙 X 闲鱼paladin 验货宝,8769,2780,5569,24 14.05,2024,,,
16.11,菜篮子18天蓝银 x 全套 闲鱼芝芝莓莓 验货宝,10708,4000,10268,24 21.01,2024,,,
16.11,菜篮子 18午夜蓝银 x钥匙锁尘袋 tc皮 美库菜篮子,13000,4300,9530,24 03.02,2024,,,
16.11,菜篮子22午夜蓝银 A 锁 美库菜篮子120锁，缺钥匙买了钥匙500,11700,3300,4807,24 02.03,2024,,,
05.12.,菜篮子22灰蓝银 框Q 闲鱼力***,8409,3180,7069,24 19.06,2024,买了一套1087,,
28.12,菜篮子22 深蓝近黑锁钥匙 框Q闲鱼除了 hubby验货宝,11109,3400,6571,24 11.05,2024,,,
