5.09,vivian 紫红色 Honey Vintage,1000,2022,,,,9.18老爹拿回
13.02,lv alma 红色32cm MI0996 epi 闲鱼ijia,1500,2023,,,,
13.05,alma 31cm 漆皮红色钥匙锁 老编码MI0152 闲鱼东鼎,1150,2023,,,,
15.06,alma 31cm epi 电光蓝尘袋 FI3152 桃子,1500,2023,,,,
11.08,小书包 ca5118高价 hubby,5000,2023,,,,9.18肩带老爹拿回
03.09.,capucine bb深蓝 玫红边 闲鱼1021验货宝,8579,2023,,,,
28.09,capucine bb 浅粉 tr5108尘袋 闲鱼心宽验货宝,8679,2023,,,,
28.09,capucine bb 浅粉 tr2195 闲鱼奢源验货宝,8279,2023,,,,
06.10.,capucine bb 浅粉 tr1115尘袋 闲鱼奢源验货宝,7091,2023,,,,
13.10.,软盒子黑 fl2148 闲鱼奢品验货宝,6300,2023,,,,
19.10.,capucine bb 浅粉 tr3164 闲鱼宝藏验货宝,8079,2023,,,,
26.10.,capucine bb 浅粉 tr2136 闲鱼走验货宝,8078,2023,,,,
27.10.,软盒子黑 芯片 闲鱼小猴验货宝,5779,2023,,,,
02.11.,软盒子黑 芯片 闲鱼想不验货宝,6079,2023,,,,
06.12.,硬盒子老花 du0147 闲鱼看了验货宝,8579,2023,,,,
11.12,硬盒子老花 du4154 闲鱼亲爱验货宝,8079,2023,,,,
13.12,软盒子拼色芯片 闲鱼tang验货宝,7020,2023,,,,
16.12,capucine黑拼色sp0186 闲鱼坤诚验货宝,8679,2023,,,,
22.12,硬盒子红 du2136盒子 闲鱼娜依验货宝,5079,2023,,,,
23.12,硬盒子红 du1157？票 闲鱼小**验货宝,5579,2023,,,,
28.12,硬盒子老花 尘袋 闲鱼最爱验货宝 AS1126挂着梓豪奢品 闲鱼2,8879,2023,,,,
07.01.,硬盒子老花新款 fl0149尘袋 闲鱼元猫验货宝,9279,2024,,,,
16.01,硬盒子老花 du5104 闲鱼兔兔验货宝,8079,2024,,,,
24.01,硬盒子老花 fl0145 闲鱼淡村验货宝,8579,2024,,,,
24.01,硬盒子粉 du1186闲鱼新疆验货宝,6579,2024,,,,
27.01,capucinebb全黑 ah1199闲鱼真品验货宝,9579,2024,,,,
16.02,硬盒子老花 du0157 闲鱼bbtoc验货宝,9079,2024,,,,
17.02,twist黑银中号epi fl0165闲鱼奢侈验货宝,5579,2024,,,,
22.02,硬盒子老花新款 fl2117？闲鱼小菊验货宝,8579,2024,,,,
22.02,硬盒子老花 as4125 闲鱼万成验货宝,8579,2024,,,,
27.02,硬盒子老花 FL4135闲鱼灵兔验货宝,8079,2024,,,,
28.02,硬盒子老花 du3115 闲鱼咸鱼验货宝,8679,2024,,,,
10.03,硬盒子老花新款 pl3198 闲鱼艺奢验货宝,8579,2024,,,,
18.03,twist中号深粉银羊 fl1177镜子票 闲鱼小岛验货宝,3879,2024,,,,
